X,Date,ImageName,Reservoir_1_px,Reservoir_1_area_ha,Reservoir_2_px,Reservoir_2_area_ha,Reservoir_3_px,Reservoir_3_area_ha,Reservoir_4_px,Reservoir_4_area_ha,Reservoir_5_px,Reservoir_5_area_ha,Reservoir_6_px,Reservoir_6_area_ha,Reservoir_7_px,Reservoir_7_area_ha,Reservoir_8_px,Reservoir_8_area_ha,Reservoir_9_px,Reservoir_9_area_ha,Reservoir_10_px,Reservoir_10_area_ha,Reservoir_11_px,Reservoir_11_area_ha,Reservoir_12_px,Reservoir_12_area_ha
1,2017-01-31,S2A2A_20170131_122_AOI_BOA_10_MNDWI.tif,65618,656.18,1961,19.61,842,8.42,2441,24.41,1850,18.5,118,1.18,117,1.17,81,0.81,326,3.26,275,2.75,85,0.85,139,1.39
2,2017-02-10,S2A2A_20170210_122_AOI_BOA_10_MNDWI.tif,69424,694.24,2189,21.89,1099,10.99,2548,25.48,1852,18.52,146,1.46,136,1.36,172,1.72,360,3.6,450,4.5,0,0,184,1.84
3,2017-03-02,S2A2A_20170302_122_AOI_BOA_10_MNDWI.tif,65598,655.98,1898,18.98,681,6.81,2443,24.43,1116,11.16,28,0.28,99,0.99,48,0.48,327,3.27,282,2.82,0,0,88,0.88
4,2017-03-12,S2A2A_20170312_122_AOI_BOA_10_MNDWI.tif,68248,682.48,1850,18.5,777,7.77,2465,24.65,1581,15.81,28,0.28,113,1.13,73,0.73,324,3.24,347,3.47,1,0.01,104,1.04
5,2017-04-01,S2A2A_20170401_122_AOI_BOA_10_MNDWI.tif,66382,663.82,1705,17.05,754,7.54,2371,23.71,1417,14.17,36,0.36,49,0.49,0,0,289,2.89,254,2.54,0,0,73,0.73
6,2017-04-11,S2A2A_20170411_122_AOI_BOA_10_MNDWI.tif,65899,658.99,402,4.02,522,5.22,2398,23.98,1423,14.23,0,0,40,0.4,0,0,283,2.83,244,2.44,0,0,47,0.47
7,2017-05-01,S2A2A_20170501_122_AOI_BOA_10_MNDWI.tif,61433,614.33,1195,11.95,420,4.2,2273,22.73,1209,12.09,0,0,11,0.11,0,0,181,1.81,0,0,12,0.12,2,0.02
8,2017-05-21,S2A2A_20170521_122_AOI_BOA_10_MNDWI.tif,59515,595.15,1488,14.88,214,2.14,2177,21.77,1212,12.12,31,0.31,0,0,0,0,242,2.42,82,0.82,0,0,95,0.95
9,2017-05-31,S2A2A_20170531_122_AOI_BOA_10_MNDWI.tif,43404,434.04,444,4.44,165,1.65,2097,20.97,458,4.58,2,0.02,0,0,0,0,32,0.32,103,1.03,0,0,138,1.38
10,2017-06-10,S2A2A_20170610_122_AOI_BOA_10_MNDWI.tif,56523,565.23,103,1.03,208,2.08,2025,20.25,922,9.22,4,0.04,0,0,0,0,0,0,102,1.02,0,0,19,0.19
11,2017-06-20,S2A2A_20170620_122_AOI_BOA_10_MNDWI.tif,54865,548.65,343,3.43,284,2.84,2038,20.38,791,7.91,20,0.2,2,0.02,0,0,0,0,116,1.16,0,0,139,1.39
12,2017-06-30,S2A2A_20170630_122_AOI_BOA_10_MNDWI.tif,52074,520.74,0,0,97,0.97,1920,19.2,2,0.02,0,0,0,0,0,0,0,0,0,0,0,0,129,1.29
13,2017-07-10,S2A2A_20170710_122_AOI_BOA_10_MNDWI.tif,50731,507.31,26,0.26,104,1.04,1889,18.89,19,0.19,3,0.03,0,0,0,0,0,0,55,0.55,0,0,133,1.33
14,2017-07-20,S2A2A_20170720_122_AOI_BOA_10_MNDWI.tif,38658,386.58,149,1.49,38,0.38,1838,18.38,104,1.04,2,0.02,1,0.01,0,0,0,0,58,0.58,0,0,67,0.67
15,2017-07-30,S2A2A_20170730_122_AOI_BOA_10_MNDWI.tif,48421,484.21,1408,14.08,110,1.1,1759,17.59,656,6.56,16,0.16,8,0.08,0,0,0,0,130,1.3,0,0,118,1.18
16,2017-08-09,S2A2A_20170809_122_AOI_BOA_10_MNDWI.tif,30448,304.48,758,7.58,110,1.1,160,1.6,26,0.26,0,0,0,0,0,0,0,0,27,0.27,13,0.13,90,0.9
17,2017-08-19,S2A2A_20170819_122_AOI_BOA_10_MNDWI.tif,44295,442.95,1342,13.42,3,0.03,1601,16.01,7,0.07,1,0.01,0,0,0,0,0,0,73,0.73,0,0,114,1.14
18,2017-08-29,S2A2A_20170829_122_AOI_BOA_10_MNDWI.tif,42122,421.22,3,0.03,0,0,1511,15.11,9,0.09,2,0.02,0,0,0,0,0,0,96,0.96,0,0,123,1.23
19,2017-09-18,S2A2A_20170918_122_AOI_BOA_10_MNDWI.tif,40877,408.77,578,5.78,1,0.01,1483,14.83,62,0.62,1,0.01,0,0,0,0,0,0,39,0.39,0,0,100,1
20,2017-10-08,S2A2A_20171008_122_AOI_BOA_10_MNDWI.tif,35958,359.58,750,7.5,4,0.04,1620,16.2,634,6.34,10,0.1,0,0,0,0,0,0,93,0.93,19,0.19,15,0.15
21,2017-10-18,S2A2A_20171018_122_AOI_BOA_10_MNDWI.tif,40093,400.93,1519,15.19,3,0.03,1634,16.34,523,5.23,12,0.12,0,0,0,0,0,0,129,1.29,15,0.15,120,1.2
22,2017-11-07,S2A2A_20171107_122_AOI_BOA_10_MNDWI.tif,40913,409.13,1359,13.59,0,0,1824,18.24,1087,10.87,22,0.22,6,0.06,0,0,98,0.98,0,0,50,0.5,156,1.56
23,2017-12-07,S2A2A_20171207_122_AOI_BOA_10_MNDWI.tif,42272,422.72,1814,18.14,797,7.97,2115,21.15,1227,12.27,35,0.35,17,0.17,7,0.07,100,1,207,2.07,0,0,144,1.44
24,2017-12-17,S2A2A_20171217_122_AOI_BOA_10_MNDWI.tif,43058,430.58,1854,18.54,908,9.08,2158,21.58,644,6.44,70,0.7,164,1.64,1,0.01,80,0.8,329,3.29,0,0,414,4.14
25,2018-01-06,S2A2A_20180106_122_AOI_BOA_10_MNDWI.tif,42158,421.58,1677,16.77,880,8.8,2130,21.3,1255,12.55,24,0.24,18,0.18,23,0.23,36,0.36,225,2.25,0,0,137,1.37
26,2018-01-16,S2A2A_20180116_122_AOI_BOA_10_MNDWI.tif,42498,424.98,1808,18.08,867,8.67,1976,19.76,1548,15.48,11,0.11,19,0.19,0,0,1,0.01,242,2.42,62,0.62,129,1.29
27,2018-01-26,S2A2A_20180126_122_AOI_BOA_10_MNDWI.tif,41591,415.91,1700,17,868,8.68,2179,21.79,1411,14.11,0,0,18,0.18,0,0,0,0,223,2.23,0,0,128,1.28
28,2018-03-07,S2A2A_20180307_122_AOI_BOA_10_MNDWI.tif,39424,394.24,0,0,107,1.07,75,0.75,2125,21.25,0,0,0,0,0,0,7,0.07,24,0.24,0,0,0,0
29,2018-04-06,S2A2A_20180406_122_AOI_BOA_10_MNDWI.tif,41203,412.03,1671,16.71,892,8.92,2348,23.48,1658,16.58,1,0.01,8,0.08,1,0.01,0,0,200,2,132,1.32,131,1.31
30,2018-04-16,S2A2A_20180416_122_AOI_BOA_10_MNDWI.tif,41041,410.41,1102,11.02,889,8.89,2286,22.86,1045,10.45,1,0.01,5,0.05,0,0,0,0,178,1.78,104,1.04,132,1.32
31,2018-05-26,S2A2A_20180526_122_AOI_BOA_10_MNDWI.tif,37365,373.65,96,0.96,746,7.46,1968,19.68,220,2.2,1,0.01,0,0,0,0,0,0,109,1.09,67,0.67,58,0.58
32,2018-06-05,S2A2A_20180605_122_AOI_BOA_10_MNDWI.tif,36234,362.34,204,2.04,756,7.56,1897,18.97,481,4.81,1,0.01,0,0,0,0,0,0,121,1.21,52,0.52,79,0.79
33,2018-06-25,S2A2A_20180625_122_AOI_BOA_10_MNDWI.tif,28066,280.66,488,4.88,701,7.01,1799,17.99,432,4.32,0,0,0,0,0,0,0,0,97,0.97,21,0.21,56,0.56
34,2018-07-05,S2A2A_20180705_122_AOI_BOA_10_MNDWI.tif,7676,76.76,0,0,0,0,0,0,0,0,0,0,0,0,0,0,0,0,0,0,0,0,0,0
35,2018-07-15,S2A2A_20180715_122_AOI_BOA_10_MNDWI.tif,27890,278.9,0,0,341,3.41,1018,10.18,0,0,0,0,0,0,0,0,0,0,1,0.01,0,0,42,0.42
36,2018-07-25,S2A2A_20180725_122_AOI_BOA_10_MNDWI.tif,27330,273.3,993,9.93,643,6.43,1769,17.69,342,3.42,0,0,0,0,0,0,0,0,107,1.07,41,0.41,60,0.6
37,2018-08-14,S2A2A_20180814_122_AOI_BOA_10_MNDWI.tif,23962,239.62,1163,11.63,313,3.13,1918,19.18,485,4.85,0,0,0,0,0,0,0,0,74,0.74,139,1.39,0,0
38,2018-09-03,S2A2A_20180903_122_AOI_BOA_10_MNDWI.tif,23388,233.88,1725,17.25,734,7.34,2063,20.63,826,8.26,1,0.01,7,0.07,1,0.01,34,0.34,171,1.71,139,1.39,37,0.37
39,2018-09-23,S2A2A_20180923_122_AOI_BOA_10_MNDWI.tif,40466,404.66,1451,14.51,1081,10.81,2523,25.23,1800,18,107,1.07,71,0.71,91,0.91,154,1.54,346,3.46,147,1.47,200,2
40,2018-12-22,S2A2A_20181222_122_AOI_BOA_10_MNDWI.tif,68700,687,1723,17.23,801,8.01,2401,24.01,625,6.25,150,1.5,130,1.3,48,0.48,266,2.66,375,3.75,0,0,316,3.16
41,2019-02-10,S2A2A_20190210_122_AOI_BOA_10_MNDWI.tif,68828,688.28,2023,20.23,1021,10.21,2495,24.95,1601,16.01,163,1.63,177,1.77,145,1.45,359,3.59,395,3.95,59,0.59,347,3.47
42,2019-02-20,S2A2A_20190220_122_AOI_BOA_10_MNDWI.tif,67299,672.99,1094,10.94,697,6.97,1537,15.37,1534,15.34,2,0.02,151,1.51,5,0.05,79,0.79,21,0.21,16,0.16,132,1.32
43,2019-03-02,S2A2A_20190302_122_AOI_BOA_10_MNDWI.tif,68611,686.11,1012,10.12,729,7.29,2002,20.02,1514,15.14,151,1.51,145,1.45,34,0.34,473,4.73,723,7.23,227,2.27,290,2.9
44,2019-03-12,S2A2A_20190312_122_AOI_BOA_10_MNDWI.tif,68344,683.44,1835,18.35,1014,10.14,2532,25.32,1470,14.7,144,1.44,131,1.31,19,0.19,216,2.16,276,2.76,58,0.58,277,2.77
45,2019-04-11,S2A2A_20190411_122_AOI_BOA_10_MNDWI.tif,66990,669.9,1360,13.6,901,9.01,2290,22.9,1152,11.52,55,0.55,79,0.79,0,0,78,0.78,38,0.38,52,0.52,234,2.34
46,2019-05-11,S2A2A_20190511_122_AOI_BOA_10_MNDWI.tif,64411,644.11,1457,14.57,783,7.83,2094,20.94,418,4.18,71,0.71,76,0.76,2,0.02,0,0,252,2.52,0,0,202,2.02
47,2019-06-30,S2A2A_20190630_122_AOI_BOA_10_MNDWI.tif,56693,566.93,1240,12.4,652,6.52,1889,18.89,510,5.1,30,0.3,11,0.11,2,0.02,0,0,206,2.06,0,0,146,1.46
48,2019-07-10,S2A2A_20190710_122_AOI_BOA_10_MNDWI.tif,53449,534.49,3,0.03,503,5.03,1729,17.29,0,0,0,0,0,0,0,0,0,0,17,0.17,0,0,60,0.6
49,2019-07-20,S2A2A_20190720_122_AOI_BOA_10_MNDWI.tif,53385,533.85,602,6.02,596,5.96,1759,17.59,706,7.06,17,0.17,5,0.05,0,0,0,0,196,1.96,0,0,85,0.85
50,2019-07-30,S2A2A_20190730_122_AOI_BOA_10_MNDWI.tif,51654,516.54,39,0.39,456,4.56,1692,16.92,310,3.1,21,0.21,0,0,0,0,0,0,167,1.67,0,0,104,1.04
51,2019-08-09,S2A2A_20190809_122_AOI_BOA_10_MNDWI.tif,51055,510.55,310,3.1,424,4.24,1657,16.57,341,3.41,4,0.04,0,0,0,0,0,0,104,1.04,0,0,83,0.83
52,2019-08-19,S2A2A_20190819_122_AOI_BOA_10_MNDWI.tif,42858,428.58,480,4.8,10,0.1,1616,16.16,540,5.4,1,0.01,16,0.16,0,0,0,0,172,1.72,0,0,54,0.54
53,2019-09-08,S2A2A_20190908_122_AOI_BOA_10_MNDWI.tif,51541,515.41,478,4.78,53,0.53,1888,18.88,945,9.45,192,1.92,124,1.24,0,0,3,0.03,169,1.69,0,0,3,0.03
54,2019-09-28,S2A2A_20190928_122_AOI_BOA_10_MNDWI.tif,55358,553.58,791,7.91,509,5.09,1752,17.52,814,8.14,33,0.33,78,0.78,1,0.01,1,0.01,171,1.71,170,1.7,52,0.52
55,2019-10-18,S2A2A_20191018_122_AOI_BOA_10_MNDWI.tif,51363,513.63,1366,13.66,496,4.96,1798,17.98,525,5.25,77,0.77,135,1.35,0,0,0,0,170,1.7,0,0,259,2.59
56,2019-11-07,S2A2A_20191107_122_AOI_BOA_10_MNDWI.tif,59661,596.61,2101,21.01,324,3.24,2075,20.75,1187,11.87,232,2.32,298,2.98,374,3.74,666,6.66,924,9.24,0,0,580,5.8
57,2019-11-27,S2A2A_20191127_122_AOI_BOA_10_MNDWI.tif,67783,677.83,1844,18.44,826,8.26,2499,24.99,1495,14.95,152,1.52,131,1.31,155,1.55,312,3.12,385,3.85,80,0.8,350,3.5
58,2019-12-07,S2A2A_20191207_122_AOI_BOA_10_MNDWI.tif,67545,675.45,1820,18.2,842,8.42,2301,23.01,1466,14.66,151,1.51,90,0.9,159,1.59,299,2.99,355,3.55,64,0.64,327,3.27
59,2020-02-25,S2A2A_20200225_122_AOI_BOA_10_MNDWI.tif,68716,687.16,1779,17.79,773,7.73,2471,24.71,1277,12.77,102,1.02,85,0.85,80,0.8,243,2.43,313,3.13,18,0.18,294,2.94
60,2020-04-05,S2A2A_20200405_122_AOI_BOA_10_MNDWI.tif,69766,697.66,1936,19.36,991,9.91,2561,25.61,1679,16.79,101,1.01,112,1.12,130,1.3,220,2.2,400,4,143,1.43,331,3.31
61,2020-05-05,S2A2A_20200505_122_AOI_BOA_10_MNDWI.tif,68213,682.13,1570,15.7,877,8.77,2400,24,112,1.12,80,0.8,49,0.49,11,0.11,0,0,177,1.77,113,1.13,287,2.87
62,2020-05-25,S2A2A_20200525_122_AOI_BOA_10_MNDWI.tif,65600,656,1356,13.56,866,8.66,2366,23.66,517,5.17,69,0.69,37,0.37,0,0,0,0,175,1.75,70,0.7,250,2.5
63,2020-06-04,S2A2A_20200604_122_AOI_BOA_10_MNDWI.tif,62313,623.13,600,6,864,8.64,2268,22.68,191,1.91,56,0.56,30,0.3,0,0,0,0,144,1.44,39,0.39,215,2.15
64,2020-06-14,S2A2A_20200614_122_AOI_BOA_10_MNDWI.tif,62323,623.23,293,2.93,851,8.51,2136,21.36,71,0.71,33,0.33,19,0.19,0,0,0,0,0,0,41,0.41,194,1.94
65,2020-06-24,S2A2A_20200624_122_AOI_BOA_10_MNDWI.tif,60425,604.25,1340,13.4,833,8.33,2138,21.38,540,5.4,46,0.46,41,0.41,0,0,0,0,172,1.72,48,0.48,187,1.87
66,2020-07-04,S2A2A_20200704_122_AOI_BOA_10_MNDWI.tif,58848,588.48,1272,12.72,823,8.23,2062,20.62,134,1.34,20,0.2,33,0.33,0,0,0,0,147,1.47,54,0.54,205,2.05
67,2020-07-14,S2A2A_20200714_122_AOI_BOA_10_MNDWI.tif,55483,554.83,40,0.4,768,7.68,1414,14.14,53,0.53,27,0.27,298,2.98,1,0.01,337,3.37,143,1.43,48,0.48,35,0.35
68,2020-07-24,S2A2A_20200724_122_AOI_BOA_10_MNDWI.tif,56168,561.68,178,1.78,715,7.15,1968,19.68,8,0.08,1,0.01,0,0,0,0,0,0,97,0.97,29,0.29,157,1.57
69,2020-08-03,S2A2A_20200803_122_AOI_BOA_10_MNDWI.tif,54203,542.03,36,0.36,662,6.62,1947,19.47,2,0.02,0,0,0,0,0,0,0,0,39,0.39,48,0.48,108,1.08
70,2020-08-13,S2A2A_20200813_122_AOI_BOA_10_MNDWI.tif,53141,531.41,174,1.74,611,6.11,1955,19.55,4,0.04,0,0,0,0,0,0,0,0,0,0,19,0.19,137,1.37
71,2020-08-23,S2A2A_20200823_122_AOI_BOA_10_MNDWI.tif,52686,526.86,1484,14.84,640,6.4,2054,20.54,359,3.59,0,0,0,0,0,0,0,0,333,3.33,48,0.48,51,0.51
72,2020-10-02,S2A2A_20201002_122_AOI_BOA_10_MNDWI.tif,50684,506.84,1496,14.96,583,5.83,1915,19.15,429,4.29,47,0.47,44,0.44,0,0,0,0,99,0.99,40,0.4,149,1.49
73,2020-10-22,S2A2A_20201022_122_AOI_BOA_10_MNDWI.tif,49819,498.19,398,3.98,503,5.03,1476,14.76,148,1.48,39,0.39,40,0.4,33,0.33,11,0.11,5,0.05,1,0.01,164,1.64
74,2020-11-01,S2A2A_20201101_122_AOI_BOA_10_MNDWI.tif,48595,485.95,1498,14.98,574,5.74,1902,19.02,791,7.91,54,0.54,45,0.45,74,0.74,82,0.82,193,1.93,24,0.24,164,1.64
75,2020-11-11,S2A2A_20201111_122_AOI_BOA_10_MNDWI.tif,68455,684.55,1421,14.21,710,7.1,1252,12.52,877,8.77,7,0.07,153,1.53,26,0.26,0,0,302,3.02,20,0.2,204,2.04
76,2020-12-01,S2A2A_20201201_122_AOI_BOA_10_MNDWI.tif,59810,598.1,1542,15.42,660,6.6,2003,20.03,958,9.58,102,1.02,95,0.95,118,1.18,34,0.34,285,2.85,69,0.69,211,2.11
77,2020-12-31,S2A2A_20201231_122_AOI_BOA_10_MNDWI.tif,50704,507.04,0,0,87,0.87,1625,16.25,791,7.91,100,1,82,0.82,108,1.08,98,0.98,327,3.27,63,0.63,230,2.3
78,2021-01-20,S2A2A_20210120_122_AOI_BOA_10_MNDWI.tif,50429,504.29,1478,14.78,678,6.78,1955,19.55,1014,10.14,88,0.88,53,0.53,86,0.86,16,0.16,231,2.31,23,0.23,217,2.17
79,2021-02-09,S2A2A_20210209_122_AOI_BOA_10_MNDWI.tif,49939,499.39,1401,14.01,684,6.84,1959,19.59,756,7.56,57,0.57,45,0.45,80,0.8,0,0,221,2.21,73,0.73,200,2
80,2021-02-19,S2A2A_20210219_122_AOI_BOA_10_MNDWI.tif,46556,465.56,861,8.61,672,6.72,1950,19.5,635,6.35,63,0.63,37,0.37,92,0.92,0,0,214,2.14,54,0.54,182,1.82
81,2021-03-01,S2A2A_20210301_122_AOI_BOA_10_MNDWI.tif,48893,488.93,883,8.83,431,4.31,1813,18.13,851,8.51,22,0.22,49,0.49,90,0.9,29,0.29,95,0.95,0,0,94,0.94
82,2021-03-31,S2A2A_20210331_122_AOI_BOA_10_MNDWI.tif,49050,490.5,1666,16.66,729,7.29,1938,19.38,688,6.88,87,0.87,70,0.7,109,1.09,22,0.22,157,1.57,141,1.41,164,1.64
83,2021-05-10,S2A2A_20210510_122_AOI_BOA_10_MNDWI.tif,46800,468,1036,10.36,696,6.96,1829,18.29,70,0.7,54,0.54,5,0.05,1,0.01,1,0.01,33,0.33,62,0.62,178,1.78
84,2021-06-19,S2A2A_20210619_122_AOI_BOA_10_MNDWI.tif,39128,391.28,0,0,422,4.22,1374,13.74,0,0,0,0,0,0,0,0,0,0,0,0,0,0,0,0
85,2021-07-09,S2A2A_20210709_122_AOI_BOA_10_MNDWI.tif,36215,362.15,0,0,332,3.32,1362,13.62,0,0,0,0,0,0,0,0,0,0,0,0,22,0.22,0,0
86,2021-07-19,S2A2A_20210719_122_AOI_BOA_10_MNDWI.tif,34062,340.62,1268,12.68,344,3.44,1592,15.92,68,0.68,13,0.13,30,0.3,0,0,0,0,0,0,95,0.95,121,1.21
87,2021-07-29,S2A2A_20210729_122_AOI_BOA_10_MNDWI.tif,34197,341.97,18,0.18,234,2.34,1411,14.11,0,0,0,0,0,0,0,0,0,0,0,0,21,0.21,72,0.72
88,2021-08-18,S2A2A_20210818_122_AOI_BOA_10_MNDWI.tif,31182,311.82,817,8.17,168,1.68,2,0.02,15,0.15,0,0,0,0,0,0,0,0,0,0,36,0.36,70,0.7
89,2021-08-28,S2A2A_20210828_122_AOI_BOA_10_MNDWI.tif,30098,300.98,1170,11.7,199,1.99,1497,14.97,31,0.31,0,0,1,0.01,0,0,0,0,32,0.32,48,0.48,89,0.89
90,2021-09-07,S2A2A_20210907_122_AOI_BOA_10_MNDWI.tif,41495,414.95,1368,13.68,213,2.13,1488,14.88,309,3.09,93,0.93,176,1.76,362,3.62,666,6.66,150,1.5,154,1.54,270,2.7
91,2021-11-26,S2A2A_20211126_122_AOI_BOA_10_MNDWI.tif,35535,355.35,1678,16.78,861,8.61,2058,20.58,949,9.49,121,1.21,111,1.11,127,1.27,75,0.75,303,3.03,116,1.16,233,2.33
92,2022-01-05,S2A2A_20220105_122_AOI_BOA_10_MNDWI.tif,37179,371.79,1792,17.92,922,9.22,2336,23.36,894,8.94,136,1.36,114,1.14,100,1,101,1.01,339,3.39,145,1.45,241,2.41
93,2022-01-15,S2A2A_20220115_122_AOI_BOA_10_MNDWI.tif,37953,379.53,1788,17.88,875,8.75,2450,24.5,1421,14.21,0,0,85,0.85,117,1.17,60,0.6,371,3.71,139,1.39,248,2.48
94,2022-02-04,S2A2A_20220204_122_AOI_BOA_10_MNDWI.tif,37011,370.11,1732,17.32,867,8.67,2438,24.38,1148,11.48,128,1.28,117,1.17,105,1.05,3,0.03,312,3.12,89,0.89,215,2.15
95,2022-05-15,S2A2A_20220515_122_AOI_BOA_10_MNDWI.tif,32530,325.3,452,4.52,751,7.51,1944,19.44,45,0.45,70,0.7,0,0,0,0,0,0,0,0,48,0.48,161,1.61
96,2022-06-04,S2A2A_20220604_122_AOI_BOA_10_MNDWI.tif,29702,297.02,37,0.37,691,6.91,1534,15.34,1,0.01,45,0.45,0,0,0,0,0,0,0,0,44,0.44,44,0.44
97,2022-06-14,S2A2A_20220614_122_AOI_BOA_10_MNDWI.tif,27510,275.1,1394,13.94,645,6.45,1854,18.54,263,2.63,68,0.68,14,0.14,11,0.11,0,0,55,0.55,48,0.48,117,1.17
98,2022-06-24,S2A2A_20220624_122_AOI_BOA_10_MNDWI.tif,25482,254.82,11,0.11,590,5.9,1666,16.66,2,0.02,43,0.43,0,0,0,0,0,0,0,0,36,0.36,0,0
99,2022-07-04,S2A2A_20220704_122_AOI_BOA_10_MNDWI.tif,23711,237.11,2,0.02,530,5.3,1462,14.62,0,0,4,0.04,0,0,0,0,0,0,0,0,32,0.32,0,0
100,2022-07-14,S2A2A_20220714_122_AOI_BOA_10_MNDWI.tif,22285,222.85,1025,10.25,555,5.55,1030,10.3,551,5.51,232,2.32,43,0.43,159,1.59,7,0.07,90,0.9,25,0.25,416,4.16
101,2022-07-24,S2A2A_20220724_122_AOI_BOA_10_MNDWI.tif,20845,208.45,1189,11.89,542,5.42,1689,16.89,580,5.8,30,0.3,0,0,2,0.02,5,0.05,132,1.32,29,0.29,93,0.93
102,2022-08-03,S2A2A_20220803_122_AOI_BOA_10_MNDWI.tif,37862,378.62,1213,12.13,485,4.85,1668,16.68,538,5.38,0,0,5,0.05,39,0.39,23,0.23,119,1.19,20,0.2,0,0
103,2022-08-13,S2A2A_20220813_122_AOI_BOA_10_MNDWI.tif,18713,187.13,1155,11.55,478,4.78,1643,16.43,282,2.82,37,0.37,0,0,36,0.36,0,0,78,0.78,20,0.2,99,0.99
104,2022-08-23,S2A2A_20220823_122_AOI_BOA_10_MNDWI.tif,18018,180.18,1244,12.44,443,4.43,1682,16.82,236,2.36,49,0.49,0,0,93,0.93,0,0,27,0.27,13,0.13,122,1.22
105,2022-09-12,S2A2A_20220912_122_AOI_BOA_10_MNDWI.tif,17241,172.41,1214,12.14,356,3.56,1627,16.27,36,0.36,36,0.36,0,0,0,0,0,0,13,0.13,20,0.2,105,1.05
106,2022-10-02,S2A2A_20221002_122_AOI_BOA_10_MNDWI.tif,16982,169.82,1289,12.89,351,3.51,1658,16.58,202,2.02,46,0.46,1,0.01,86,0.86,0,0,164,1.64,10,0.1,118,1.18
107,2022-10-22,S2A2A_20221022_122_AOI_BOA_10_MNDWI.tif,16844,168.44,1313,13.13,325,3.25,1625,16.25,287,2.87,36,0.36,0,0,79,0.79,0,0,213,2.13,8,0.08,118,1.18
108,2022-11-21,S2A2A_20221121_122_AOI_BOA_10_MNDWI.tif,16792,167.92,1305,13.05,472,4.72,1690,16.9,664,6.64,51,0.51,17,0.17,100,1,0,0,224,2.24,44,0.44,136,1.36
109,2022-12-21,S2A2A_20221221_122_AOI_BOA_10_MNDWI.tif,16659,166.59,1296,12.96,460,4.6,1632,16.32,591,5.91,37,0.37,12,0.12,87,0.87,0,0,218,2.18,26,0.26,125,1.25
110,2023-01-20,S2A2A_20230120_122_AOI_BOA_10_MNDWI.tif,16298,162.98,457,4.57,458,4.58,1606,16.06,674,6.74,0,0,12,0.12,70,0.7,0,0,234,2.34,12,0.12,110,1.1
111,2023-02-19,S2A2A_20230219_122_AOI_BOA_10_MNDWI.tif,16702,167.02,1404,14.04,559,5.59,1619,16.19,806,8.06,36,0.36,15,0.15,77,0.77,0,0,239,2.39,53,0.53,120,1.2
112,2023-03-01,S2A2A_20230301_122_AOI_BOA_10_MNDWI.tif,16474,164.74,1139,11.39,582,5.82,1641,16.41,798,7.98,6,0.06,0,0,0,0,0,0,580,5.8,44,0.44,142,1.42
113,2023-03-11,S2A2A_20230311_122_AOI_BOA_10_MNDWI.tif,16016,160.16,1280,12.8,530,5.3,1530,15.3,727,7.27,2,0.02,0,0,65,0.65,0,0,222,2.22,43,0.43,122,1.22
114,2023-04-10,S2A2A_20230410_122_AOI_BOA_10_MNDWI.tif,15562,155.62,1150,11.5,519,5.19,1483,14.83,496,4.96,8,0.08,0,0,80,0.8,0,0,216,2.16,48,0.48,120,1.2
115,2023-06-09,S2A2A_20230609_122_AOI_BOA_10_MNDWI.tif,14185,141.85,739,7.39,500,5,1194,11.94,0,0,0,0,0,0,0,0,0,0,3,0.03,159,1.59,81,0.81
116,2023-06-29,S2A2A_20230629_122_AOI_BOA_10_MNDWI.tif,13573,135.73,1413,14.13,404,4.04,1298,12.98,36,0.36,0,0,0,0,57,0.57,0,0,99,0.99,137,1.37,76,0.76
117,2023-07-09,S2A2A_20230709_122_AOI_BOA_10_MNDWI.tif,9426,94.26,533,5.33,218,2.18,1039,10.39,0,0,0,0,0,0,0,0,0,0,0,0,119,1.19,45,0.45
118,2023-07-19,S2A2A_20230719_122_AOI_BOA_10_MNDWI.tif,12442,124.42,1263,12.63,235,2.35,1115,11.15,0,0,0,0,0,0,41,0.41,0,0,17,0.17,52,0.52,50,0.5
119,2023-07-29,S2A2A_20230729_122_AOI_BOA_10_MNDWI.tif,10464,104.64,6,0.06,0,0,1076,10.76,0,0,0,0,0,0,0,0,0,0,0,0,0,0,33,0.33
120,2023-08-08,S2A2A_20230808_122_AOI_BOA_10_MNDWI.tif,11356,113.56,1314,13.14,202,2.02,1125,11.25,0,0,0,0,0,0,65,0.65,0,0,0,0,53,0.53,56,0.56
121,2023-08-18,S2A2A_20230818_122_AOI_BOA_10_MNDWI.tif,10813,108.13,723,7.23,168,1.68,1016,10.16,0,0,0,0,0,0,31,0.31,0,0,0,0,9,0.09,32,0.32
122,2023-09-07,S2A2A_20230907_122_AOI_BOA_10_MNDWI.tif,10194,101.94,839,8.39,155,1.55,1028,10.28,0,0,0,0,0,0,74,0.74,45,0.45,87,0.87,42,0.42,25,0.25
123,2023-09-17,S2A2A_20230917_122_AOI_BOA_10_MNDWI.tif,9274,92.74,0,0,0,0,842,8.42,0,0,0,0,0,0,0,0,0,0,0,0,0,0,0,0
124,2017-07-05,S2B2A_20170705_122_AOI_BOA_10_MNDWI.tif,52899,528.99,727,7.27,294,2.94,2028,20.28,816,8.16,15,0.15,26,0.26,0,0,0,0,194,1.94,0,0,161,1.61
125,2017-07-15,S2B2A_20170715_122_AOI_BOA_10_MNDWI.tif,51249,512.49,1187,11.87,423,4.23,1983,19.83,841,8.41,0,0,0,0,0,0,0,0,4,0.04,0,0,127,1.27
126,2017-07-25,S2B2A_20170725_122_AOI_BOA_10_MNDWI.tif,49295,492.95,1454,14.54,166,1.66,1844,18.44,660,6.6,25,0.25,21,0.21,0,0,0,0,182,1.82,0,0,157,1.57
127,2017-08-24,S2B2A_20170824_122_AOI_BOA_10_MNDWI.tif,45056,450.56,1459,14.59,42,0.42,1660,16.6,635,6.35,34,0.34,8,0.08,0,0,0,0,155,1.55,0,0,132,1.32
128,2017-09-03,S2B2A_20170903_122_AOI_BOA_10_MNDWI.tif,55718,557.18,9,0.09,0,0,1730,17.3,611,6.11,105,1.05,0,0,0,0,1,0.01,740,7.4,0,0,239,2.39
129,2017-09-13,S2B2A_20170913_122_AOI_BOA_10_MNDWI.tif,42437,424.37,1364,13.64,15,0.15,1697,16.97,620,6.2,27,0.27,0,0,0,0,0,0,134,1.34,0,0,114,1.14
130,2017-11-02,S2B2A_20171102_122_AOI_BOA_10_MNDWI.tif,42065,420.65,1863,18.63,429,4.29,1303,13.03,342,3.42,113,1.13,0,0,0,0,88,0.88,120,1.2,48,0.48,153,1.53
131,2017-11-12,S2B2A_20171112_122_AOI_BOA_10_MNDWI.tif,31508,315.08,1639,16.39,277,2.77,1957,19.57,817,8.17,16,0.16,8,0.08,2,0.02,25,0.25,123,1.23,0,0,68,0.68
132,2017-11-22,S2B2A_20171122_122_AOI_BOA_10_MNDWI.tif,42626,426.26,1802,18.02,850,8.5,2120,21.2,1287,12.87,40,0.4,8,0.08,0,0,140,1.4,204,2.04,3,0.03,145,1.45
133,2018-01-01,S2B2A_20180101_122_AOI_BOA_10_MNDWI.tif,42205,422.05,1775,17.75,680,6.8,3278,32.78,1480,14.8,232,2.32,141,1.41,374,3.74,2,0.02,201,2.01,10,0.1,367,3.67
134,2018-01-31,S2B2A_20180131_122_AOI_BOA_10_MNDWI.tif,41192,411.92,1572,15.72,817,8.17,2109,21.09,1279,12.79,4,0.04,19,0.19,0,0,3,0.03,212,2.12,37,0.37,124,1.24
135,2018-03-12,S2B2A_20180312_122_AOI_BOA_10_MNDWI.tif,40949,409.49,1528,15.28,862,8.62,2233,22.33,1227,12.27,1,0.01,17,0.17,1,0.01,3,0.03,211,2.11,102,1.02,102,1.02
136,2018-04-11,S2B2A_20180411_122_AOI_BOA_10_MNDWI.tif,36532,365.32,0,0,0,0,0,0,0,0,0,0,0,0,0,0,0,0,0,0,0,0,0,0
137,2018-04-21,S2B2A_20180421_122_AOI_BOA_10_MNDWI.tif,39975,399.75,1370,13.7,541,5.41,2073,20.73,326,3.26,73,0.73,298,2.98,0,0,0,0,177,1.77,10,0.1,111,1.11
138,2018-05-31,S2B2A_20180531_122_AOI_BOA_10_MNDWI.tif,36919,369.19,1,0.01,741,7.41,1931,19.31,33,0.33,0,0,0,0,0,0,0,0,84,0.84,56,0.56,67,0.67
139,2018-06-10,S2B2A_20180610_122_AOI_BOA_10_MNDWI.tif,35392,353.92,5,0.05,422,4.22,1773,17.73,13,0.13,0,0,0,0,0,0,0,0,36,0.36,2,0.02,45,0.45
140,2018-06-20,S2B2A_20180620_122_AOI_BOA_10_MNDWI.tif,34320,343.2,1489,14.89,767,7.67,1973,19.73,972,9.72,7,0.07,0,0,0,0,2,0.02,142,1.42,62,0.62,75,0.75
141,2018-06-30,S2B2A_20180630_122_AOI_BOA_10_MNDWI.tif,29355,293.55,0,0,180,1.8,0,0,0,0,0,0,0,0,0,0,0,0,0,0,0,0,0,0
142,2018-07-10,S2B2A_20180710_122_AOI_BOA_10_MNDWI.tif,30699,306.99,1267,12.67,735,7.35,1821,18.21,677,6.77,2,0.02,0,0,0,0,0,0,127,1.27,28,0.28,67,0.67
143,2018-07-20,S2B2A_20180720_122_AOI_BOA_10_MNDWI.tif,24689,246.89,0,0,100,1,0,0,0,0,0,0,0,0,0,0,0,0,0,0,0,0,11,0.11
144,2018-07-30,S2B2A_20180730_122_AOI_BOA_10_MNDWI.tif,26771,267.71,652,6.52,536,5.36,1784,17.84,451,4.51,0,0,0,0,0,0,0,0,119,1.19,56,0.56,63,0.63
145,2018-08-09,S2B2A_20180809_122_AOI_BOA_10_MNDWI.tif,25574,255.74,1609,16.09,573,5.73,1977,19.77,898,8.98,7,0.07,0,0,0,0,1,0.01,136,1.36,130,1.3,47,0.47
146,2018-08-19,S2B2A_20180819_122_AOI_BOA_10_MNDWI.tif,21183,211.83,1586,15.86,620,6.2,2013,20.13,1391,13.91,1,0.01,0,0,0,0,2,0.02,101,1.01,308,3.08,0,0
147,2018-10-08,S2B2A_20181008_122_AOI_BOA_10_MNDWI.tif,32139,321.39,1440,14.4,664,6.64,2327,23.27,1226,12.26,61,0.61,55,0.55,27,0.27,60,0.6,111,1.11,0,0,65,0.65
148,2018-10-28,S2B2A_20181028_122_AOI_BOA_10_MNDWI.tif,68210,682.1,1656,16.56,914,9.14,2357,23.57,1480,14.8,136,1.36,133,1.33,0,0,306,3.06,352,3.52,0,0,291,2.91
149,2018-11-07,S2B2A_20181107_122_AOI_BOA_10_MNDWI.tif,65507,655.07,1628,16.28,749,7.49,2289,22.89,958,9.58,130,1.3,132,1.32,7,0.07,272,2.72,91,0.91,0,0,227,2.27
150,2018-11-17,S2B2A_20181117_122_AOI_BOA_10_MNDWI.tif,68715,687.15,1645,16.45,770,7.7,1870,18.7,1534,15.34,195,1.95,202,2.02,126,1.26,648,6.48,924,9.24,290,2.9,403,4.03
151,2018-11-27,S2B2A_20181127_122_AOI_BOA_10_MNDWI.tif,68554,685.54,1660,16.6,800,8,2416,24.16,1461,14.61,143,1.43,127,1.27,113,1.13,291,2.91,388,3.88,4,0.04,313,3.13
152,2018-12-27,S2B2A_20181227_122_AOI_BOA_10_MNDWI.tif,68596,685.96,1681,16.81,791,7.91,2354,23.54,1084,10.84,144,1.44,120,1.2,45,0.45,251,2.51,376,3.76,0,0,301,3.01
153,2019-01-16,S2B2A_20190116_122_AOI_BOA_10_MNDWI.tif,68568,685.68,1705,17.05,803,8.03,1880,18.8,921,9.21,144,1.44,112,1.12,49,0.49,245,2.45,371,3.71,14,0.14,299,2.99
154,2019-02-15,S2B2A_20190215_122_AOI_BOA_10_MNDWI.tif,68590,685.9,1972,19.72,1002,10.02,2481,24.81,1556,15.56,159,1.59,165,1.65,105,1.05,332,3.32,354,3.54,43,0.43,333,3.33
155,2019-03-17,S2B2A_20190317_122_AOI_BOA_10_MNDWI.tif,67851,678.51,1793,17.93,982,9.82,2520,25.2,1433,14.33,127,1.27,124,1.24,66,0.66,207,2.07,277,2.77,33,0.33,268,2.68
156,2019-04-06,S2B2A_20190406_122_AOI_BOA_10_MNDWI.tif,66508,665.08,1673,16.73,897,8.97,2276,22.76,1132,11.32,86,0.86,11,0.11,0,0,78,0.78,684,6.84,2,0.02,197,1.97
157,2019-04-16,S2B2A_20190416_122_AOI_BOA_10_MNDWI.tif,67315,673.15,1197,11.97,891,8.91,1963,19.63,1148,11.48,56,0.56,56,0.56,1,0.01,2,0.02,295,2.95,68,0.68,266,2.66
158,2019-04-26,S2B2A_20190426_122_AOI_BOA_10_MNDWI.tif,66524,665.24,115,1.15,789,7.89,2114,21.14,236,2.36,0,0,19,0.19,0,0,0,0,22,0.22,20,0.2,204,2.04
159,2019-06-05,S2B2A_20190605_122_AOI_BOA_10_MNDWI.tif,61370,613.7,810,8.1,751,7.51,2036,20.36,560,5.6,56,0.56,45,0.45,0,0,0,0,248,2.48,11,0.11,195,1.95
160,2019-06-15,S2B2A_20190615_122_AOI_BOA_10_MNDWI.tif,57989,579.89,249,2.49,571,5.71,1123,11.23,0,0,219,2.19,1,0.01,223,2.23,0,0,45,0.45,0,0,134,1.34
161,2019-07-05,S2B2A_20190705_122_AOI_BOA_10_MNDWI.tif,53921,539.21,7,0.07,512,5.12,1742,17.42,0,0,0,0,0,0,0,0,0,0,114,1.14,0,0,55,0.55
162,2019-07-15,S2B2A_20190715_122_AOI_BOA_10_MNDWI.tif,51603,516.03,378,3.78,628,6.28,1462,14.62,606,6.06,2,0.02,0,0,0,0,0,0,207,2.07,16,0.16,119,1.19
163,2019-07-25,S2B2A_20190725_122_AOI_BOA_10_MNDWI.tif,53165,531.65,844,8.44,575,5.75,1782,17.82,884,8.84,39,0.39,5,0.05,0,0,0,0,204,2.04,4,0.04,133,1.33
164,2019-08-04,S2B2A_20190804_122_AOI_BOA_10_MNDWI.tif,49253,492.53,0,0,345,3.45,1559,15.59,0,0,0,0,0,0,0,0,0,0,11,0.11,0,0,0,0
165,2019-08-14,S2B2A_20190814_122_AOI_BOA_10_MNDWI.tif,50608,506.08,1445,14.45,484,4.84,1679,16.79,828,8.28,0,0,32,0.32,0,0,0,0,199,1.99,18,0.18,108,1.08
166,2019-08-24,S2B2A_20190824_122_AOI_BOA_10_MNDWI.tif,49692,496.92,1482,14.82,484,4.84,1641,16.41,945,9.45,47,0.47,36,0.36,7,0.07,8,0.08,532,5.32,6,0.06,127,1.27
167,2019-09-03,S2B2A_20190903_122_AOI_BOA_10_MNDWI.tif,50579,505.79,1510,15.1,500,5,1985,19.85,1326,13.26,11,0.11,34,0.34,0,0,0,0,208,2.08,7,0.07,135,1.35
168,2019-09-13,S2B2A_20190913_122_AOI_BOA_10_MNDWI.tif,53020,530.2,1594,15.94,450,4.5,1818,18.18,498,4.98,108,1.08,120,1.2,2,0.02,0,0,271,2.71,16,0.16,216,2.16
169,2019-09-23,S2B2A_20190923_122_AOI_BOA_10_MNDWI.tif,50206,502.06,1495,14.95,487,4.87,1739,17.39,584,5.84,21,0.21,17,0.17,2,0.02,1,0.01,0,0,12,0.12,219,2.19
170,2019-11-02,S2B2A_20191102_122_AOI_BOA_10_MNDWI.tif,58287,582.87,1700,17,892,8.92,2020,20.2,1273,12.73,100,1,92,0.92,60,0.6,204,2.04,213,2.13,0,0,148,1.48
171,2019-12-22,S2B2A_20191222_122_AOI_BOA_10_MNDWI.tif,74739,747.39,1862,18.62,823,8.23,2459,24.59,1439,14.39,148,1.48,125,1.25,161,1.61,260,2.6,377,3.77,119,1.19,310,3.1
172,2020-02-10,S2B2A_20200210_122_AOI_BOA_10_MNDWI.tif,69253,692.53,1831,18.31,791,7.91,2517,25.17,1400,14,113,1.13,128,1.28,96,0.96,241,2.41,322,3.22,22,0.22,305,3.05
173,2020-03-01,S2B2A_20200301_122_AOI_BOA_10_MNDWI.tif,68330,683.3,1708,17.08,743,7.43,2433,24.33,1171,11.71,105,1.05,63,0.63,76,0.76,243,2.43,311,3.11,18,0.18,280,2.8
174,2020-04-10,S2B2A_20200410_122_AOI_BOA_10_MNDWI.tif,69179,691.79,1766,17.66,842,8.42,1817,18.17,1391,13.91,105,1.05,88,0.88,93,0.93,0,0,287,2.87,119,1.19,310,3.1
175,2020-05-10,S2B2A_20200510_122_AOI_BOA_10_MNDWI.tif,63256,632.56,57,0.57,182,1.82,1334,13.34,95,0.95,17,0.17,6,0.06,1,0.01,0,0,191,1.91,0,0,216,2.16
176,2020-06-29,S2B2A_20200629_122_AOI_BOA_10_MNDWI.tif,60024,600.24,711,7.11,835,8.35,2100,21,73,0.73,21,0.21,30,0.3,0,0,0,0,134,1.34,41,0.41,192,1.92
177,2020-07-09,S2B2A_20200709_122_AOI_BOA_10_MNDWI.tif,59502,595.02,878,8.78,582,5.82,1608,16.08,358,3.58,28,0.28,33,0.33,1,0.01,0,0,197,1.97,60,0.6,200,2
178,2020-07-19,S2B2A_20200719_122_AOI_BOA_10_MNDWI.tif,56972,569.72,1319,13.19,772,7.72,1859,18.59,194,1.94,25,0.25,29,0.29,0,0,0,0,182,1.82,61,0.61,183,1.83
179,2020-07-29,S2B2A_20200729_122_AOI_BOA_10_MNDWI.tif,55576,555.76,920,9.2,708,7.08,2049,20.49,183,1.83,2,0.02,21,0.21,0,0,0,0,139,1.39,43,0.43,157,1.57
180,2020-08-08,S2B2A_20200808_122_AOI_BOA_10_MNDWI.tif,54473,544.73,1466,14.66,718,7.18,2088,20.88,275,2.75,21,0.21,30,0.3,0,0,0,0,102,1.02,62,0.62,124,1.24
181,2020-08-18,S2B2A_20200818_122_AOI_BOA_10_MNDWI.tif,52715,527.15,556,5.56,618,6.18,2003,20.03,6,0.06,0,0,0,0,0,0,0,0,0,0,48,0.48,168,1.68
182,2020-08-28,S2B2A_20200828_122_AOI_BOA_10_MNDWI.tif,52168,521.68,1560,15.6,650,6.5,2083,20.83,454,4.54,17,0.17,28,0.28,0,0,0,0,140,1.4,35,0.35,169,1.69
183,2020-09-07,S2B2A_20200907_122_AOI_BOA_10_MNDWI.tif,51017,510.17,1559,15.59,646,6.46,2062,20.62,652,6.52,25,0.25,28,0.28,0,0,1,0.01,139,1.39,51,0.51,143,1.43
184,2020-09-17,S2B2A_20200917_122_AOI_BOA_10_MNDWI.tif,51873,518.73,1431,14.31,661,6.61,2042,20.42,975,9.75,55,0.55,45,0.45,49,0.49,85,0.85,3,0.03,39,0.39,45,0.45
185,2020-10-17,S2B2A_20201017_122_AOI_BOA_10_MNDWI.tif,48671,486.71,1544,15.44,635,6.35,1936,19.36,882,8.82,60,0.6,0,0,93,0.93,41,0.41,167,1.67,30,0.3,109,1.09
186,2020-11-26,S2B2A_20201126_122_AOI_BOA_10_MNDWI.tif,53197,531.97,2047,20.47,1234,12.34,1543,15.43,1280,12.8,232,2.32,53,0.53,136,1.36,193,1.93,236,2.36,308,3.08,208,2.08
187,2020-12-16,S2B2A_20201216_122_AOI_BOA_10_MNDWI.tif,50561,505.61,1597,15.97,649,6.49,2004,20.04,976,9.76,88,0.88,83,0.83,96,0.96,42,0.42,283,2.83,24,0.24,221,2.21
188,2021-02-24,S2B2A_20210224_122_AOI_BOA_10_MNDWI.tif,49571,495.71,1494,14.94,674,6.74,1971,19.71,874,8.74,0,0,56,0.56,0,0,11,0.11,320,3.2,28,0.28,209,2.09
189,2021-03-06,S2B2A_20210306_122_AOI_BOA_10_MNDWI.tif,44955,449.55,521,5.21,651,6.51,1931,19.31,768,7.68,0,0,49,0.49,77,0.77,21,0.21,234,2.34,33,0.33,171,1.71
190,2021-03-26,S2B2A_20210326_122_AOI_BOA_10_MNDWI.tif,49534,495.34,1828,18.28,753,7.53,1988,19.88,922,9.22,100,1,85,0.85,118,1.18,155,1.55,311,3.11,140,1.4,204,2.04
191,2021-04-25,S2B2A_20210425_122_AOI_BOA_10_MNDWI.tif,47822,478.22,1620,16.2,734,7.34,1911,19.11,691,6.91,54,0.54,37,0.37,67,0.67,3,0.03,163,1.63,97,0.97,191,1.91
192,2021-06-14,S2B2A_20210614_122_AOI_BOA_10_MNDWI.tif,40901,409.01,1091,10.91,555,5.55,1672,16.72,157,1.57,50,0.5,20,0.2,0,0,0,0,29,0.29,54,0.54,112,1.12
193,2021-07-04,S2B2A_20210704_122_AOI_BOA_10_MNDWI.tif,37217,372.17,0,0,397,3.97,1497,14.97,0,0,0,0,0,0,0,0,0,0,0,0,30,0.3,0,0
194,2021-07-14,S2B2A_20210714_122_AOI_BOA_10_MNDWI.tif,60355,603.55,1056,10.56,387,3.87,1599,15.99,15,0.15,12,0.12,3,0.03,0,0,0,0,51,0.51,50,0.5,109,1.09
195,2021-07-24,S2B2A_20210724_122_AOI_BOA_10_MNDWI.tif,35269,352.69,1251,12.51,329,3.29,1572,15.72,25,0.25,3,0.03,3,0.03,0,0,0,0,2,0.02,48,0.48,95,0.95
196,2021-08-13,S2B2A_20210813_122_AOI_BOA_10_MNDWI.tif,31893,318.93,6,0.06,173,1.73,1405,14.05,0,0,0,0,0,0,0,0,0,0,0,0,14,0.14,12,0.12
197,2021-08-23,S2B2A_20210823_122_AOI_BOA_10_MNDWI.tif,30976,309.76,1250,12.5,227,2.27,1528,15.28,41,0.41,2,0.02,0,0,0,0,0,0,38,0.38,51,0.51,99,0.99
198,2021-10-12,S2B2A_20211012_122_AOI_BOA_10_MNDWI.tif,27236,272.36,1333,13.33,206,2.06,1501,15.01,228,2.28,28,0.28,52,0.52,26,0.26,0,0,172,1.72,52,0.52,137,1.37
199,2021-11-11,S2B2A_20211111_122_AOI_BOA_10_MNDWI.tif,37057,370.57,1744,17.44,626,6.26,2085,20.85,1174,11.74,98,0.98,95,0.95,143,1.43,180,1.8,349,3.49,141,1.41,256,2.56
200,2021-12-01,S2B2A_20211201_122_AOI_BOA_10_MNDWI.tif,35360,353.6,1679,16.79,883,8.83,2189,21.89,998,9.98,123,1.23,114,1.14,136,1.36,99,0.99,328,3.28,106,1.06,255,2.55
201,2021-12-31,S2B2A_20211231_122_AOI_BOA_10_MNDWI.tif,37363,373.63,1636,16.36,479,4.79,2348,23.48,930,9.3,158,1.58,110,1.1,263,2.63,596,5.96,914,9.14,147,1.47,388,3.88
202,2022-01-20,S2B2A_20220120_122_AOI_BOA_10_MNDWI.tif,37331,373.31,1789,17.89,786,7.86,2436,24.36,1296,12.96,138,1.38,119,1.19,99,0.99,92,0.92,348,3.48,124,1.24,234,2.34
203,2022-01-30,S2B2A_20220130_122_AOI_BOA_10_MNDWI.tif,37313,373.13,1729,17.29,847,8.47,2427,24.27,1171,11.71,135,1.35,117,1.17,116,1.16,37,0.37,305,3.05,104,1.04,218,2.18
204,2022-02-09,S2B2A_20220209_122_AOI_BOA_10_MNDWI.tif,36558,365.58,1694,16.94,884,8.84,2438,24.38,1144,11.44,129,1.29,114,1.14,112,1.12,4,0.04,326,3.26,63,0.63,227,2.27
205,2022-04-10,S2B2A_20220410_122_AOI_BOA_10_MNDWI.tif,35452,354.52,1630,16.3,839,8.39,2292,22.92,1022,10.22,95,0.95,45,0.45,83,0.83,0,0,249,2.49,71,0.71,200,2
206,2022-05-20,S2B2A_20220520_122_AOI_BOA_10_MNDWI.tif,31969,319.69,1539,15.39,755,7.55,2058,20.58,685,6.85,74,0.74,38,0.38,62,0.62,0,0,172,1.72,58,0.58,160,1.6
207,2022-05-30,S2B2A_20220530_122_AOI_BOA_10_MNDWI.tif,30652,306.52,242,2.42,729,7.29,1945,19.45,30,0.3,79,0.79,0,0,0,0,0,0,0,0,62,0.62,111,1.11
208,2022-06-19,S2B2A_20220619_122_AOI_BOA_10_MNDWI.tif,17050,170.5,1364,13.64,660,6.6,1819,18.19,722,7.22,23,0.23,23,0.23,47,0.47,20,0.2,21,0.21,6,0.06,103,1.03
209,2022-06-29,S2B2A_20220629_122_AOI_BOA_10_MNDWI.tif,24527,245.27,0,0,584,5.84,1569,15.69,0,0,40,0.4,0,0,0,0,0,0,0,0,49,0.49,30,0.3
210,2022-07-09,S2B2A_20220709_122_AOI_BOA_10_MNDWI.tif,23964,239.64,939,9.39,528,5.28,1413,14.13,906,9.06,76,0.76,34,0.34,88,0.88,116,1.16,229,2.29,12,0.12,162,1.62
211,2022-07-19,S2B2A_20220719_122_AOI_BOA_10_MNDWI.tif,21532,215.32,1173,11.73,563,5.63,1723,17.23,535,5.35,41,0.41,1,0.01,24,0.24,14,0.14,147,1.47,44,0.44,124,1.24
212,2022-07-29,S2B2A_20220729_122_AOI_BOA_10_MNDWI.tif,20357,203.57,699,6.99,521,5.21,1676,16.76,60,0.6,18,0.18,0,0,0,0,0,0,34,0.34,39,0.39,101,1.01
213,2022-08-08,S2B2A_20220808_122_AOI_BOA_10_MNDWI.tif,19288,192.88,1301,13.01,519,5.19,1690,16.9,650,6.5,37,0.37,2,0.02,53,0.53,0,0,175,1.75,39,0.39,130,1.3
214,2022-10-17,S2B2A_20221017_122_AOI_BOA_10_MNDWI.tif,53123,531.23,1144,11.44,338,3.38,1887,18.87,910,9.1,21,0.21,10,0.1,96,0.96,82,0.82,903,9.03,308,3.08,68,0.68
215,2022-10-27,S2B2A_20221027_122_AOI_BOA_10_MNDWI.tif,16665,166.65,1335,13.35,336,3.36,1618,16.18,306,3.06,35,0.35,1,0.01,86,0.86,0,0,224,2.24,6,0.06,124,1.24
216,2022-11-16,S2B2A_20221116_122_AOI_BOA_10_MNDWI.tif,16617,166.17,1299,12.99,431,4.31,1625,16.25,323,3.23,55,0.55,14,0.14,97,0.97,0,0,199,1.99,44,0.44,124,1.24
217,2022-12-26,S2B2A_20221226_122_AOI_BOA_10_MNDWI.tif,16639,166.39,1346,13.46,500,5,1645,16.45,700,7,43,0.43,23,0.23,92,0.92,0,0,220,2.2,21,0.21,134,1.34
218,2023-01-15,S2B2A_20230115_122_AOI_BOA_10_MNDWI.tif,16353,163.53,1312,13.12,435,4.35,1617,16.17,695,6.95,41,0.41,21,0.21,87,0.87,0,0,217,2.17,13,0.13,124,1.24
219,2023-02-04,S2B2A_20230204_122_AOI_BOA_10_MNDWI.tif,16508,165.08,1388,13.88,514,5.14,1602,16.02,634,6.34,63,0.63,18,0.18,90,0.9,0,0,231,2.31,18,0.18,123,1.23
220,2023-02-14,S2B2A_20230214_122_AOI_BOA_10_MNDWI.tif,17023,170.23,1531,15.31,594,5.94,1686,16.86,945,9.45,54,0.54,18,0.18,98,0.98,0,0,249,2.49,72,0.72,133,1.33
221,2023-03-16,S2B2A_20230316_122_AOI_BOA_10_MNDWI.tif,16192,161.92,1054,10.54,554,5.54,1622,16.22,785,7.85,1,0.01,8,0.08,88,0.88,0,0,212,2.12,29,0.29,127,1.27
222,2023-03-26,S2B2A_20230326_122_AOI_BOA_10_MNDWI.tif,15917,159.17,1285,12.85,550,5.5,1495,14.95,605,6.05,27,0.27,0,0,68,0.68,0,0,216,2.16,52,0.52,121,1.21
223,2023-06-24,S2B2A_20230624_122_AOI_BOA_10_MNDWI.tif,13716,137.16,1455,14.55,442,4.42,1305,13.05,0,0,0,0,0,0,72,0.72,0,0,76,0.76,143,1.43,77,0.77
224,2023-07-04,S2B2A_20230704_122_AOI_BOA_10_MNDWI.tif,13310,133.1,1449,14.49,372,3.72,1311,13.11,8,0.08,0,0,0,0,74,0.74,2,0.02,88,0.88,140,1.4,76,0.76
225,2023-07-24,S2B2A_20230724_122_AOI_BOA_10_MNDWI.tif,12251,122.51,1405,14.05,242,2.42,1179,11.79,0,0,0,0,0,0,36,0.36,0,0,0,0,53,0.53,57,0.57
226,2023-08-03,S2B2A_20230803_122_AOI_BOA_10_MNDWI.tif,11659,116.59,1351,13.51,213,2.13,1172,11.72,0,0,0,0,0,0,54,0.54,0,0,0,0,65,0.65,62,0.62
227,2023-08-13,S2B2A_20230813_122_AOI_BOA_10_MNDWI.tif,11227,112.27,1299,12.99,219,2.19,1156,11.56,0,0,0,0,0,0,49,0.49,0,0,0,0,44,0.44,57,0.57
228,2023-08-23,S2B2A_20230823_122_AOI_BOA_10_MNDWI.tif,10747,107.47,1276,12.76,198,1.98,1096,10.96,0,0,0,0,0,0,69,0.69,0,0,0,0,52,0.52,48,0.48
229,2023-09-12,S2B2A_20230912_122_AOI_BOA_10_MNDWI.tif,10206,102.06,1220,12.2,156,1.56,1032,10.32,0,0,0,0,0,0,60,0.6,1,0.01,0,0,41,0.41,49,0.49
230,2023-09-22,S2B2A_20230922_122_AOI_BOA_10_MNDWI.tif,9739,97.39,349,3.49,100,1,965,9.65,0,0,0,0,0,0,35,0.35,0,0,0,0,1,0.01,38,0.38
