Date,cote_cm,S_m2,V_m3,periode
2017-01-01 8:00,799,36810,57602,periode13
2017-01-02 8:00,800,36879,57897,periode13
2017-01-03 8:00,801,36982,58340,periode13
2017-01-04 8:00,802,37042,58598,periode13
2017-01-05 8:00,803,37137,59003,periode13
2017-01-06 8:00,787,35687,53103,periode13
2017-01-07 8:00,786,35603,52779,periode13
2017-01-08 8:00,787,35696,53139,periode13
2017-01-09 8:00,833,39588,70515,periode13
2017-01-10 8:00,850,40870,77318,periode13
2017-01-11 8:00,854,41151,78871,periode13
2017-01-12 8:00,847,40618,75928,periode13
2017-01-13 8:00,829,39252,68862,periode13
2017-01-14 8:00,831,39420,69688,periode13
2017-01-15 8:00,834,39628,70711,periode13
2017-01-16 8:00,849,40796,76909,periode13
2017-01-17 8:00,891,43827,94478,periode13
2017-01-18 8:00,894,44082,96131,periode13
2017-01-19 8:00,878,42942,89218,periode13
2017-01-20 8:00,861,41671,81815,periode13
2017-01-21 8:00,862,41758,82315,periode13
2017-01-22 8:00,864,41897,83105,periode13
2017-01-23 8:00,866,42041,83944,periode13
2017-01-24 8:00,868,42183,84791,periode13
2017-01-25 8:00,896,44220,97017,periode13
2017-01-26 8:00,888,43681,93543,periode13
2017-01-27 8:00,870,42353,85806,periode13
2017-01-28 8:00,851,40974,77890,periode13
2017-01-29 8:00,853,41092,78544,periode13
2017-01-30 8:00,855,41240,79361,periode13
2017-01-31 8:00,856,41313,79777,periode13
2017-02-01 8:00,858,41459,80609,periode13
2017-02-02 8:00,859,41532,81025,periode13
2017-02-03 8:00,860,41627,81566,periode13
2017-02-04 8:00,862,41744,82231,periode13
2017-02-05 8:00,862,41773,82398,periode13
2017-02-06 8:00,864,41890,83063,periode13
2017-02-07 8:00,888,43668,93456,periode13
2017-02-08 8:00,874,42588,87204,periode13
2017-02-09 8:00,916,45714,106175,periode13
2017-02-10 8:00,899,44392,98129,periode13
2017-02-11 8:00,882,43250,90940,periode13
2017-02-12 8:00,878,42919,89089,periode13
2017-02-13 8:00,881,43150,90381,periode13
2017-02-14 8:00,864,41868,82939,periode13
2017-02-15 8:00,864,41912,83188,periode13
2017-02-16 8:00,866,42062,84071,periode13
2017-02-17 8:00,868,42169,84706,periode13
2017-02-18 8:00,869,42275,85341,periode13
2017-02-19 8:00,871,42368,85891,periode13
2017-02-20 8:00,872,42439,86314,periode13
2017-02-21 8:00,872,42502,86696,periode13
2017-02-22 8:00,873,42566,87077,periode13
2017-02-23 8:00,874,42609,87331,periode13
2017-02-24 8:00,875,42666,87669,periode13
2017-02-25 8:00,876,42742,88098,periode13
2017-02-26 8:00,876,42757,88185,periode13
2017-02-27 8:00,876,42757,88185,periode13
2017-02-28 8:00,876,42757,88185,periode13
2017-03-01 8:00,876,42757,88185,periode13
2017-03-02 8:00,876,42796,88400,periode13
2017-03-03 8:00,877,42834,88615,periode13
2017-03-04 8:00,877,42834,88615,periode13
2017-03-05 8:00,877,42834,88615,periode13
2017-03-06 8:00,877,42834,88615,periode13
2017-03-07 8:00,877,42834,88615,periode13
2017-03-08 8:00,877,42811,88486,periode13
2017-03-09 8:00,876,42765,88228,periode13
2017-03-10 8:00,876,42742,88098,periode13
2017-03-11 8:00,876,42750,88146,periode13
2017-03-12 8:00,876,42757,88185,periode13
2017-03-13 8:00,876,42757,88185,periode13
2017-03-14 8:00,876,42757,88185,periode13
2017-03-15 8:00,876,42757,88185,periode13
2017-03-16 8:00,875,42710,87920,periode13
2017-03-17 8:00,875,42657,87620,periode13
2017-03-18 8:00,874,42608,87322,periode13
2017-03-19 8:00,873,42558,87025,periode13
2017-03-20 8:00,873,42508,86727,periode13
2017-03-21 8:00,872,42458,86430,periode13
2017-03-22 8:00,871,42408,86132,periode13
2017-03-23 8:00,870,42358,85835,periode13
2017-03-24 8:00,870,42308,85537,periode13
2017-03-25 8:00,869,42258,85240,periode13
2017-03-26 8:00,868,42208,84942,periode13
2017-03-27 8:00,868,42159,84645,periode13
2017-03-28 8:00,867,42105,84325,periode13
2017-03-29 8:00,866,42041,83944,periode13
2017-03-30 8:00,865,41977,83563,periode13
2017-03-31 8:00,864,41904,83147,periode13
2017-04-01 8:00,863,41846,82814,periode13
2017-04-02 8:00,864,41919,83230,periode13
2017-04-03 8:00,865,41963,83479,periode13
2017-04-04 8:00,865,41963,83479,periode13
2017-04-05 8:00,865,41970,83521,periode13
2017-04-06 8:00,865,41970,83521,periode13
2017-04-07 8:00,865,41977,83563,periode13
2017-04-08 8:00,865,41941,83355,periode13
2017-04-09 8:00,864,41897,83105,periode13
2017-04-10 8:00,864,41897,83105,periode13
2017-04-11 8:00,864,41897,83105,periode13
2017-04-12 8:00,864,41890,83063,periode13
2017-04-13 8:00,863,41839,82772,periode13
2017-04-14 8:00,863,41802,82564,periode13
2017-04-15 8:00,862,41751,82273,periode13
2017-04-16 8:00,861,41693,81940,periode13
2017-04-17 8:00,860,41598,81399,periode13
2017-04-18 8:00,858,41496,80817,periode13
2017-04-19 8:00,858,41430,80443,periode13
2017-04-20 8:00,857,41379,80151,periode13
2017-04-21 8:00,856,41335,79902,periode13
2017-04-22 8:00,856,41284,79611,periode13
2017-04-23 8:00,855,41240,79361,periode13
2017-04-24 8:00,854,41203,79157,periode13
2017-04-25 8:00,854,41144,78830,periode13
2017-04-26 8:00,853,41099,78584,periode13
2017-04-27 8:00,853,41070,78421,periode13
2017-04-28 8:00,852,41025,78176,periode13
2017-04-29 8:00,852,40988,77971,periode13
2017-04-30 8:00,851,40937,77685,periode13
2017-05-01 8:00,850,40892,77440,periode13
2017-05-02 8:00,850,40840,77154,periode13
2017-05-03 8:00,849,40781,76827,periode13
2017-05-04 8:00,848,40715,76459,periode13
2017-05-05 8:00,847,40655,76132,periode13
2017-05-06 8:00,847,40618,75928,periode13
2017-05-07 8:00,846,40552,75560,periode13
2017-05-08 8:00,845,40477,75154,periode13
2017-05-09 8:00,844,40401,74752,periode13
2017-05-10 8:00,843,40356,74512,periode13
2017-05-11 8:00,843,40333,74391,periode13
2017-05-12 8:00,842,40287,74151,periode13
2017-05-13 8:00,842,40242,73910,periode13
2017-05-14 8:00,840,40150,73428,periode13
2017-05-15 8:00,840,40090,73108,periode13
2017-05-16 8:00,839,40052,72907,periode13
2017-05-17 8:00,838,40006,72666,periode13
2017-05-18 8:00,838,39945,72345,periode13
2017-05-19 8:00,837,39892,72064,periode13
2017-05-20 8:00,836,39801,71583,periode13
2017-05-21 8:00,835,39708,71105,periode13
2017-05-22 8:00,834,39644,70790,periode13
2017-05-23 8:00,833,39596,70554,periode13
2017-05-24 8:00,833,39556,70357,periode13
2017-05-25 8:00,832,39500,70082,periode13
2017-05-26 8:00,831,39444,69806,periode13
2017-05-27 8:00,831,39396,69570,periode13
2017-05-28 8:00,830,39316,69177,periode13
2017-05-29 8:00,829,39228,68744,periode13
2017-05-30 8:00,828,39148,68351,periode13
2017-05-31 8:00,827,39076,67997,periode13
2017-06-01 8:00,826,39004,67643,periode13
2017-06-02 8:00,825,38932,67290,periode13
2017-06-03 8:00,824,38858,66945,periode13
2017-06-04 8:00,823,38785,66599,periode13
2017-06-05 8:00,822,38711,66253,periode13
2017-06-06 8:00,821,38628,65864,periode13
2017-06-07 8:00,820,38530,65402,periode13
2017-06-08 8:00,819,38464,65093,periode13
2017-06-09 8:00,819,38415,64862,periode13
2017-06-10 8:00,818,38350,64554,periode13
2017-06-11 8:00,817,38284,64246,periode13
2017-06-12 8:00,816,38218,63937,periode13
2017-06-13 8:00,816,38169,63706,periode13
2017-06-14 8:00,815,38087,63324,periode13
2017-06-15 8:00,814,38013,62985,periode13
2017-06-16 8:00,812,37899,62457,periode13
2017-06-17 8:00,811,37759,61816,periode13
2017-06-18 8:00,810,37669,61401,periode13
2017-06-19 8:00,809,37603,61099,periode13
2017-06-20 8:00,808,37530,60760,periode13
2017-06-21 8:00,807,37448,60383,periode13
2017-06-22 8:00,806,37366,60006,periode13
2017-06-23 8:00,805,37291,59667,periode13
2017-06-24 8:00,804,37188,59225,periode13
2017-06-25 8:00,802,37085,58782,periode13
2017-06-26 8:00,802,37008,58450,periode13
2017-06-27 8:00,800,36896,57971,periode13
2017-06-28 8:00,799,36793,57529,periode13
2017-06-29 8:00,798,36698,57123,periode13
2017-06-30 8:00,797,36621,56791,periode13
2017-07-01 8:00,796,36543,56459,periode13
2017-07-02 8:00,794,36375,55765,periode13
2017-07-03 8:00,792,36189,55046,periode13
2017-07-04 8:00,791,36068,54578,periode13
2017-07-05 8:00,790,35966,54182,periode13
2017-07-06 8:00,789,35873,53822,periode13
2017-07-07 8:00,788,35789,53498,periode13
2017-07-08 8:00,787,35696,53139,periode13
2017-07-09 8:00,786,35603,52779,periode13
2017-07-10 8:00,785,35501,52384,periode13
2017-07-11 8:00,784,35406,51998,periode13
2017-07-12 8:00,783,35301,51577,periode13
2017-07-13 8:00,782,35206,51192,periode13
2017-07-14 8:00,780,35110,50806,periode13
2017-07-15 8:00,779,35014,50420,periode13
2017-07-16 8:00,778,34936,50104,periode13
2017-07-17 8:00,778,34858,49789,periode13
2017-07-18 8:00,777,34779,49473,periode13
2017-07-19 8:00,776,34692,49122,periode13
2017-07-20 8:00,775,34604,48810,periode13
2017-07-21 8:00,774,34496,48504,periode13
2017-07-22 8:00,773,34376,48163,periode13
2017-07-23 8:00,771,34196,47653,periode13
2017-07-24 8:00,770,33980,47040,periode13
2017-07-25 8:00,768,33788,46495,periode13
2017-07-26 8:00,763,33250,44982,periode13
2017-07-27 8:00,744,31403,38821,periode13
2017-07-28 8:00,723,29553,32269,periode13
2017-07-29 8:00,717,28989,30511,periode13
2017-07-30 8:00,716,28886,30189,periode13
2017-07-31 8:00,714,28706,29644,periode13
2017-08-01 8:00,712,28516,29077,periode13
2017-08-02 8:00,710,28335,28538,periode13
2017-08-03 8:00,708,28155,28000,periode13
2017-08-04 8:00,706,27975,27461,periode13
2017-08-05 8:00,704,27787,26930,periode13
2017-08-06 8:00,702,27579,26383,periode13
2017-08-07 8:00,700,27392,25891,periode13
2017-08-08 8:00,699,27204,25399,periode13
2017-08-09 8:00,697,27017,24906,periode13
2017-08-10 8:00,695,26830,24414,periode13
2017-08-11 8:00,693,26591,23863,periode13
2017-08-12 8:00,691,26374,23364,periode13
2017-08-13 8:00,690,26237,23048,periode13
2017-08-14 8:00,689,26157,22865,periode13
2017-08-15 8:00,688,26078,22681,periode13
2017-08-16 8:00,688,26009,22523,periode13
2017-08-17 8:00,687,25907,22287,periode13
2017-08-18 8:00,686,25827,22103,periode13
2017-08-19 8:00,685,25736,21893,periode13
2017-08-20 8:00,684,25520,21411,periode13
2017-08-21 8:00,681,25272,20859,periode13
2017-08-22 8:00,679,25057,20381,periode13
2017-08-23 8:00,678,24854,19929,periode13
2017-08-24 8:00,676,24639,19452,periode13
2017-08-25 8:00,674,24438,19036,periode13
2017-08-26 8:00,672,24206,18581,periode13
2017-08-27 8:00,670,23999,18174,periode13
2017-08-28 8:00,670,23901,17983,periode13
2017-08-29 8:00,669,23791,17767,periode13
2017-08-30 8:00,668,23694,17576,periode13
2017-08-31 8:00,667,23547,17288,periode13
2017-09-01 8:00,665,23291,16790,periode13
2017-09-02 8:00,663,23047,16335,periode13
2017-09-03 8:00,660,22767,15813,periode13
2017-09-04 8:00,659,22608,15517,periode13
2017-09-05 8:00,659,22584,15472,periode13
2017-09-06 8:00,658,22498,15313,periode13
2017-09-07 8:00,658,22474,15267,periode13
2017-09-08 8:00,657,22401,15131,periode13
2017-09-09 8:00,657,22315,14972,periode13
2017-09-10 8:00,656,22242,14835,periode13
2017-09-11 8:00,656,22230,14813,periode13
2017-09-12 8:00,655,22144,14653,periode13
2017-09-13 8:00,655,22062,14522,periode13
2017-09-14 8:00,653,21813,14159,periode13
2017-09-15 8:00,651,21536,13752,periode13
2017-09-16 8:00,649,21259,13346,periode13
2017-09-17 8:00,647,20967,12918,periode13
2017-09-18 8:00,645,20675,12490,periode13
2017-09-19 8:00,643,20407,12089,periode13
2017-09-20 8:00,641,20101,11629,periode13
2017-09-21 8:00,639,19822,11209,periode13
2017-09-22 8:00,637,19569,10829,periode13
2017-09-23 8:00,635,19343,10489,periode13
2017-09-24 8:00,633,19124,10170,periode13
2017-09-25 8:00,632,18917,9871,periode13
2017-09-26 8:00,630,18711,9572,periode13
2017-09-27 8:00,629,18504,9273,periode13
2017-09-28 8:00,627,18272,8937,periode13
2017-09-29 8:00,625,18026,8584,periode13
2017-09-30 8:00,624,17904,8427,periode13
2017-10-01 8:00,624,17877,8393,periode13
2017-10-02 8:00,624,17863,8375,periode13
2017-10-03 8:00,624,17945,8479,periode13
2017-10-04 8:00,626,18143,8750,periode13
2017-10-05 8:00,621,17537,7959,periode13
2017-10-06 8:00,614,16607,6785,periode13
2017-10-07 8:00,612,16300,6450,periode13
2017-10-08 8:00,612,16242,6386,periode13
2017-10-09 8:00,612,16213,6355,periode13
2017-10-10 8:00,611,16111,6243,periode13
2017-10-11 8:00,611,16096,6227,periode13
2017-10-12 8:00,610,15994,6115,periode13
2017-10-13 8:00,610,15950,6068,periode13
2017-10-14 8:00,610,15921,6036,periode13
2017-10-15 8:00,609,15819,5924,periode13
2017-10-16 8:00,609,15804,5908,periode13
2017-10-17 8:00,609,15775,5876,periode13
2017-10-18 8:00,609,15746,5844,periode13
2017-10-19 8:00,608,15658,5748,periode13
2017-10-20 8:00,608,15687,5780,periode13
2017-10-21 8:00,634,19188,10264,periode13
2017-10-22 8:00,635,19330,10469,periode13
2017-10-23 8:00,634,19266,10376,periode13
2017-10-24 8:00,634,19175,10245,periode13
2017-10-25 8:00,633,19085,10114,periode13
2017-10-26 8:00,633,19059,10077,periode13
2017-10-27 8:00,633,19072,10095,periode13
2017-10-28 8:00,632,19008,10002,periode13
2017-10-29 8:00,632,18943,9909,periode13
2017-10-30 8:00,632,18904,9853,periode13
2017-10-31 8:00,631,18814,9722,periode13
2017-11-01 8:00,631,18814,9722,periode13
2017-11-02 8:00,631,18814,9722,periode13
2017-11-03 8:00,631,18814,9722,periode13
2017-11-04 8:00,631,18814,9722,periode13
2017-11-05 8:00,631,18775,9666,periode13
2017-11-06 8:00,631,18827,9740,periode13
2017-11-07 8:00,632,18930,9890,periode13
2017-11-08 8:00,631,18840,9759,periode13
2017-11-09 8:00,631,18814,9722,periode13
2017-11-10 8:00,631,18814,9722,periode13
2017-11-11 8:00,631,18788,9684,periode13
2017-11-12 8:00,630,18698,9554,periode13
2017-11-13 8:00,630,18685,9535,periode13
2017-11-14 8:00,630,18633,9460,periode13
2017-11-15 8:00,632,18904,9853,periode13
2017-11-16 8:00,638,19689,11009,periode13
2017-11-17 8:00,639,19889,11309,periode13
2017-11-18 8:00,639,19862,11269,periode13
2017-11-19 8:00,639,19862,11269,periode13
2017-11-20 8:00,639,19862,11269,periode13
2017-11-21 8:00,639,19849,11249,periode13
2017-11-22 8:00,638,19769,11129,periode13
2017-11-23 8:00,638,19729,11069,periode13
2017-11-24 8:00,638,19729,11069,periode13
2017-11-25 8:00,638,19729,11069,periode13
2017-11-26 8:00,638,19729,11069,periode13
2017-11-27 8:00,637,19636,10929,periode13
2017-11-28 8:00,637,19649,10949,periode13
2017-11-29 8:00,638,19716,11049,periode13
2017-11-30 8:00,637,19609,10889,periode13
2017-12-01 8:00,638,19662,10969,periode13
2017-12-02 8:00,638,19742,11089,periode13
2017-12-03 8:00,638,19716,11049,periode13
2017-12-04 8:00,637,19636,10929,periode13
2017-12-05 8:00,637,19596,10869,periode13
2017-12-06 8:00,637,19596,10869,periode13
2017-12-07 8:00,637,19596,10869,periode13
2017-12-08 8:00,637,19596,10869,periode13
2017-12-09 8:00,637,19596,10869,periode13
2017-12-10 8:00,637,19583,10849,periode13
2017-12-11 8:00,636,19503,10729,periode13
2017-12-12 8:00,636,19463,10669,periode13
2017-12-13 8:00,636,19476,10689,periode13
2017-12-14 8:00,636,19410,10589,periode13
2017-12-15 8:00,635,19343,10489,periode13
2017-12-16 8:00,636,19412,10593,periode13
2017-12-17 8:00,636,19530,10769,periode13
2017-12-18 8:00,638,19796,11169,periode13
2017-12-19 8:00,640,19982,11449,periode13
2017-12-20 8:00,640,19995,11469,periode13
2017-12-21 8:00,640,20035,11529,periode13
2017-12-22 8:00,641,20075,11589,periode13
2017-12-23 8:00,640,20008,11489,periode13
2017-12-24 8:00,640,19995,11469,periode13
2017-12-25 8:00,640,19995,11469,periode13
2017-12-26 8:00,640,19995,11469,periode13
2017-12-27 8:00,640,19995,11469,periode13
2017-12-28 8:00,640,20035,11529,periode13
2017-12-29 8:00,641,20141,11689,periode13
2017-12-30 8:00,642,20314,11949,periode13
2017-12-31 8:00,643,20407,12089,periode13
2018-01-01 8:00,643,20394,12069,periode13
2018-01-02 8:00,643,20394,12069,periode13
2018-01-03 8:00,643,20394,12069,periode13
2018-01-04 8:00,643,20394,12069,periode13
2018-01-05 8:00,642,20301,11929,periode13
2018-01-06 8:00,642,20261,11869,periode13
2018-01-07 8:00,642,20261,11869,periode13
2018-01-08 8:00,642,20261,11869,periode13
2018-01-09 8:00,642,20261,11869,periode13
2018-01-10 8:00,642,20261,11869,periode13
2018-01-11 8:00,642,20234,11829,periode13
2018-01-12 8:00,642,20248,11849,periode13
2018-01-13 8:00,646,20762,12619,periode13
2018-01-14 8:00,650,21419,13581,periode13
2018-01-15 8:00,651,21551,13774,periode13
2018-01-16 8:00,651,21536,13752,periode13
2018-01-17 8:00,651,21551,13774,periode13
2018-01-18 8:00,650,21463,13645,periode13
2018-01-19 8:00,650,21390,13538,periode13
2018-01-20 8:00,650,21390,13538,periode13
2018-01-21 8:00,650,21390,13538,periode13
2018-01-22 8:00,650,21405,13560,periode13
2018-01-23 8:00,650,21317,13432,periode13
2018-01-24 8:00,649,21244,13325,periode13
2018-01-25 8:00,649,21244,13325,periode13
2018-01-26 8:00,649,21244,13325,periode13
2018-01-27 8:00,649,21215,13282,periode13
2018-01-28 8:00,648,21113,13132,periode13
2018-01-29 8:00,648,21098,13111,periode13
2018-01-30 8:00,648,21098,13111,periode13
2018-01-31 8:00,648,21098,13111,periode13
2018-02-01 8:00,648,21098,13111,periode13
2018-02-02 8:00,648,21098,13111,periode13
2018-02-03 8:00,648,21083,13089,periode13
2018-02-04 8:00,647,20967,12918,periode13
2018-02-05 8:00,647,20952,12897,periode13
2018-02-06 8:00,647,20952,12897,periode13
2018-02-07 8:00,647,20952,12897,periode13
2018-02-08 8:00,647,20908,12833,periode13
2018-02-09 8:00,647,20981,12940,periode13
2018-02-10 8:00,648,21113,13132,periode13
2018-02-11 8:00,649,21215,13282,periode13
2018-02-12 8:00,650,21332,13453,periode13
2018-02-13 8:00,651,21521,13731,periode13
2018-02-14 8:00,653,21828,14180,periode13
2018-02-15 8:00,655,22091,14565,periode13
2018-02-16 8:00,655,22132,14631,periode13
2018-02-17 8:00,655,22076,14544,periode13
2018-02-18 8:00,657,22401,15131,periode13
2018-02-19 8:00,662,22974,16199,periode13
2018-02-20 8:00,663,23120,16472,periode13
2018-02-21 8:00,667,23547,17288,periode13
2018-02-22 8:00,669,23877,17935,periode13
2018-02-23 8:00,673,24353,18869,periode13
2018-02-24 8:00,678,24933,20105,periode13
2018-02-25 8:00,680,25170,20632,periode13
2018-02-26 8:00,684,25520,21411,periode13
2018-02-27 8:00,686,25770,21972,periode13
2018-02-28 8:00,687,25872,22208,periode13
2018-03-01 8:00,687,25918,22313,periode13
2018-03-02 8:00,687,25918,22313,periode13
2018-03-03 8:00,687,25918,22313,periode13
2018-03-04 8:00,687,25918,22313,periode13
2018-03-05 8:00,687,25918,22313,periode13
2018-03-06 8:00,687,25918,22313,periode13
2018-03-07 8:00,687,25918,22313,periode13
2018-03-08 8:00,687,25918,22313,periode13
2018-03-09 8:00,686,25861,22182,periode13
2018-03-10 8:00,686,25804,22051,periode13
2018-03-11 8:00,686,25804,22051,periode13
2018-03-12 8:00,686,25815,22077,periode13
2018-03-13 8:00,686,25770,21972,periode13
2018-03-14 8:00,685,25690,21788,periode13
2018-03-15 8:00,685,25690,21788,periode13
2018-03-16 8:00,685,25701,21814,periode13
2018-03-17 8:00,685,25656,21713,periode13
2018-03-18 8:00,684,25577,21537,periode13
2018-03-19 8:00,684,25566,21512,periode13
2018-03-20 8:00,684,25543,21461,periode13
2018-03-21 8:00,684,25554,21487,periode13
2018-03-22 8:00,685,25667,21738,periode13
2018-03-23 8:00,690,26214,22996,periode13
2018-03-24 8:00,702,27506,26192,periode13
2018-03-25 8:00,706,28012,27574,periode13
2018-03-26 8:00,707,28041,27659,periode13
2018-03-27 8:00,707,28098,27829,periode13
2018-03-28 8:00,708,28155,28000,periode13
2018-03-29 8:00,708,28165,28028,periode13
2018-03-30 8:00,708,28136,27942,periode13
2018-03-31 8:00,707,28106,27854,periode13
2018-04-01 8:00,707,28077,27767,periode13
2018-04-02 8:00,707,28030,27625,periode13
2018-04-03 8:00,706,27982,27484,periode13
2018-04-04 8:00,706,27944,27370,periode13
2018-04-05 8:00,705,27897,27229,periode13
2018-04-06 8:00,705,27857,27116,periode13
2018-04-07 8:00,704,27806,26980,periode13
2018-04-08 8:00,704,27764,26871,periode13
2018-04-09 8:00,704,27723,26762,periode13
2018-04-10 8:00,703,27681,26652,periode13
2018-04-11 8:00,703,27639,26543,periode13
2018-04-12 8:00,702,27597,26432,periode13
2018-04-13 8:00,702,27546,26297,periode13
2018-04-14 8:00,701,27504,26187,periode13
2018-04-15 8:00,701,27462,26077,periode13
2018-04-16 8:00,701,27411,25941,periode13
2018-04-17 8:00,700,27369,25831,periode13
2018-04-18 8:00,700,27317,25695,periode13
2018-04-19 8:00,699,27275,25585,periode13
2018-04-20 8:00,699,27234,25476,periode13
2018-04-21 8:00,698,27192,25367,periode13
2018-04-22 8:00,698,27150,25256,periode13
2018-04-23 8:00,698,27098,25120,periode13
2018-04-24 8:00,697,27048,24988,periode13
2018-04-25 8:00,696,26944,24715,periode13
2018-04-26 8:00,695,26861,24496,periode13
2018-04-27 8:00,695,26807,24361,periode13
2018-04-28 8:00,694,26739,24204,periode13
2018-04-29 8:00,694,26682,24073,periode13
2018-04-30 8:00,693,26591,23863,periode13
2018-05-01 8:00,692,26488,23626,periode13
2018-05-02 8:00,693,26556,23784,periode13
2018-05-03 8:00,697,27028,24934,periode13
2018-05-04 8:00,699,27277,25590,periode13
2018-05-05 8:00,699,27225,25453,periode13
2018-05-06 8:00,698,27152,25262,periode13
2018-05-07 8:00,698,27142,25234,periode13
2018-05-08 8:00,698,27111,25152,periode13
2018-05-09 8:00,697,27038,24961,periode13
2018-05-10 8:00,696,26976,24797,periode13
2018-05-11 8:00,696,26903,24605,periode13
2018-05-12 8:00,695,26840,24441,periode13
2018-05-13 8:00,695,26796,24335,periode13
2018-05-14 8:00,694,26682,24073,periode13
2018-05-15 8:00,693,26579,23836,periode13
2018-05-16 8:00,692,26511,23679,periode13
2018-05-17 8:00,692,26465,23574,periode13
2018-05-18 8:00,691,26408,23442,periode13
2018-05-19 8:00,691,26385,23390,periode13
2018-05-20 8:00,691,26340,23285,periode13
2018-05-21 8:00,690,26260,23101,periode13
2018-05-22 8:00,690,26260,23101,periode13
2018-05-23 8:00,689,26180,22917,periode13
2018-05-24 8:00,689,26112,22760,periode13
2018-05-25 8:00,688,26032,22576,periode13
2018-05-26 8:00,687,25964,22418,periode13
2018-05-27 8:00,687,25872,22208,periode13
2018-05-28 8:00,686,25781,21998,periode13
2018-05-29 8:00,685,25679,21763,periode13
2018-05-30 8:00,684,25600,21587,periode13
2018-05-31 8:00,684,25520,21411,periode13
2018-06-01 8:00,683,25430,21210,periode13
2018-06-02 8:00,682,25362,21060,periode13
2018-06-03 8:00,682,25294,20909,periode13
2018-06-04 8:00,681,25193,20683,periode13
2018-06-05 8:00,680,25091,20457,periode13
2018-06-06 8:00,679,25023,20306,periode13
2018-06-07 8:00,678,24944,20130,periode13
2018-06-08 8:00,678,24865,19954,periode13
2018-06-09 8:00,677,24797,19804,periode13
2018-06-10 8:00,676,24718,19628,periode13
2018-06-11 8:00,676,24628,19427,periode13
2018-06-12 8:00,675,24523,19204,periode13
2018-06-13 8:00,674,24450,19060,periode13
2018-06-14 8:00,674,24389,18941,periode13
2018-06-15 8:00,672,24255,18677,periode13
2018-06-16 8:00,672,24157,18486,periode13
2018-06-17 8:00,671,24048,18270,periode13
2018-06-18 8:00,670,23938,18055,periode13
2018-06-19 8:00,669,23852,17887,periode13
2018-06-20 8:00,669,23779,17743,periode13
2018-06-21 8:00,668,23682,17552,periode13
2018-06-22 8:00,667,23596,17384,periode13
2018-06-23 8:00,666,23499,17192,periode13
2018-06-24 8:00,665,23377,16953,periode13
2018-06-25 8:00,665,23291,16790,periode13
2018-06-26 8:00,664,23194,16608,periode13
2018-06-27 8:00,663,23084,16404,periode13
2018-06-28 8:00,662,22974,16199,periode13
2018-06-29 8:00,661,22876,16017,periode13
2018-06-30 8:00,661,22803,15881,periode13
2018-07-01 8:00,660,22693,15676,periode13
2018-07-02 8:00,659,22584,15472,periode13
2018-07-03 8:00,658,22498,15313,periode13
2018-07-04 8:00,657,22413,15154,periode13
2018-07-05 8:00,657,22315,14972,periode13
2018-07-06 8:00,656,22193,14744,periode13
2018-07-07 8:00,655,22062,14522,periode13
2018-07-08 8:00,654,21945,14351,periode13
2018-07-09 8:00,653,21828,14180,periode13
2018-07-10 8:00,652,21697,13988,periode13
2018-07-11 8:00,651,21565,13795,periode13
2018-07-12 8:00,650,21448,13624,periode13
2018-07-13 8:00,650,21317,13432,periode13
2018-07-14 8:00,649,21186,13239,periode13
2018-07-15 8:00,648,21054,13047,periode13
2018-07-16 8:00,647,20923,12854,periode13
2018-07-17 8:00,646,20777,12640,periode13
2018-07-18 8:00,645,20647,12449,periode13
2018-07-19 8:00,644,20540,12289,periode13
2018-07-20 8:00,643,20447,12149,periode13
2018-07-21 8:00,643,20341,11989,periode13
2018-07-22 8:00,642,20221,11809,periode13
2018-07-23 8:00,641,20101,11629,periode13
2018-07-24 8:00,640,19982,11449,periode13
2018-07-25 8:00,639,19875,11289,periode13
2018-07-26 8:00,638,19796,11169,periode13
2018-07-27 8:00,638,19676,10989,periode13
2018-07-28 8:00,637,19556,10809,periode13
2018-07-29 8:00,636,19436,10629,periode13
2018-07-30 8:00,635,19304,10432,periode13
2018-07-31 8:00,634,19214,10301,periode13
2018-08-01 8:00,633,19124,10170,periode13
2018-08-02 8:00,633,19020,10021,periode13
2018-08-03 8:00,632,18904,9853,periode13
2018-08-04 8:00,631,18788,9684,periode13
2018-08-05 8:00,631,18801,9703,periode13
2018-08-06 8:00,632,18995,9983,periode13
2018-08-07 8:00,633,19085,10114,periode13
2018-08-08 8:00,633,19098,10133,periode13
2018-08-09 8:00,633,19020,10021,periode13
2018-08-10 8:00,632,18917,9871,periode13
2018-08-11 8:00,630,18737,9610,periode13
2018-08-12 8:00,628,18479,9236,periode13
2018-08-13 8:00,626,18221,8863,periode13
2018-08-14 8:00,624,17958,8497,periode13
2018-08-15 8:00,622,17673,8132,periode13
2018-08-16 8:00,620,17414,7802,periode13
2018-08-17 8:00,619,17278,7629,periode13
2018-08-18 8:00,619,17197,7525,periode13
2018-08-19 8:00,618,17102,7403,periode13
2018-08-20 8:00,618,17088,7386,periode13
2018-08-21 8:00,618,17156,7473,periode13
2018-08-22 8:00,618,17115,7421,periode13
2018-08-23 8:00,617,16898,7143,periode13
2018-08-24 8:00,616,16775,6987,periode13
2018-08-25 8:00,615,16721,6917,periode13
2018-08-26 8:00,615,16622,6801,periode13
2018-08-27 8:00,614,16505,6674,periode13
2018-08-28 8:00,613,16403,6562,periode13
2018-08-29 8:00,612,16300,6450,periode13
2018-08-30 8:00,612,16213,6355,periode13
2018-08-31 8:00,611,16111,6243,periode13
2018-09-01 8:00,610,16023,6147,periode13
2018-09-02 8:00,610,15950,6068,periode13
2018-09-03 8:00,610,15877,5988,periode13
2018-09-04 8:00,609,15775,5876,periode13
2018-09-05 8:00,608,15673,5764,periode13
2018-09-06 8:00,607,15570,5653,periode13
2018-09-07 8:00,607,15468,5541,periode13
2018-09-08 8:00,606,15381,5445,periode13
2018-09-09 8:00,605,15214,5265,periode13
2018-09-10 8:00,603,14887,4966,periode13
2018-09-11 8:00,601,14559,4666,periode13
2018-09-12 8:00,599,14231,4367,periode13
2018-09-13 8:00,597,13904,4068,periode13
2018-09-14 8:00,605,15276,5331,periode13
2018-09-15 8:00,620,17424,7815,periode13
2018-09-16 8:00,636,19405,10581,periode13
2018-09-17 8:00,651,21485,13678,periode13
2018-09-18 8:00,666,23430,17058,periode13
2018-09-19 8:00,681,25219,20740,periode13
2018-09-20 8:00,696,26925,24665,periode13
2018-09-21 8:00,711,28441,28852,periode13
2018-09-22 8:00,726,29856,33244,periode13
2018-09-23 8:00,817,38269,64177,periode13
2018-09-24 8:00,807,37497,60609,periode13
2018-09-25 8:00,804,37180,59188,periode13
2018-09-26 8:00,803,37128,58967,periode13
2018-09-27 8:00,802,37042,58598,periode13
2018-09-28 8:00,801,36982,58340,periode13
2018-09-29 8:00,801,36930,58119,periode13
2018-09-30 8:00,800,36887,57934,periode13
2018-10-01 8:00,800,36861,57824,periode13
2018-10-02 8:00,801,36930,58119,periode13
2018-10-03 8:00,800,36887,57934,periode13
2018-10-04 8:00,801,36947,58192,periode13
2018-10-05 8:00,801,36939,58155,periode13
2018-10-06 8:00,800,36904,58008,periode13
2018-10-07 8:00,800,36879,57897,periode13
2018-10-08 8:00,800,36853,57787,periode13
2018-10-09 8:00,799,36818,57639,periode13
2018-10-10 8:00,799,36793,57529,periode13
2018-10-11 8:00,799,36750,57344,periode13
2018-10-12 8:00,798,36707,57160,periode13
2018-10-13 8:00,798,36707,57160,periode13
2018-10-14 8:00,801,36956,58229,periode13
2018-10-15 8:00,800,36913,58045,periode13
2018-10-16 8:00,800,36887,57934,periode13
2018-10-17 8:00,800,36879,57897,periode13
2018-10-18 8:00,943,48241,119099,periode13
2018-10-19 8:00,898,44302,97551,periode13
2018-10-20 8:00,879,43019,89649,periode13
2018-10-21 8:00,862,41714,82065,periode13
2018-10-22 8:00,848,40685,76296,periode13
2018-10-23 8:00,856,41298,79694,periode13
2018-10-24 8:00,850,40833,77113,periode13
2018-10-25 8:00,832,39492,70042,periode13
2018-10-26 8:00,828,39156,68390,periode13
2018-10-27 8:00,828,39204,68626,periode13
2018-10-28 8:00,829,39260,68902,periode13
2018-10-29 8:00,830,39308,69138,periode13
2018-10-30 8:00,812,37907,62495,periode13
2018-10-31 8:00,809,37628,61212,periode13
2018-11-01 8:00,810,37685,61476,periode13
2018-11-02 8:00,813,37931,62608,periode13
2018-11-03 8:00,816,38243,64053,periode13
2018-11-04 8:00,819,38481,65170,periode13
2018-11-05 8:00,820,38514,65324,periode13
2018-11-06 8:00,820,38514,65324,periode13
2018-11-07 8:00,820,38514,65324,periode13
2018-11-08 8:00,820,38530,65402,periode13
2018-11-09 8:00,820,38514,65324,periode13
2018-11-10 8:00,828,39196,68587,periode13
2018-11-11 8:00,845,40515,75356,periode13
2018-11-12 8:00,848,40685,76296,periode13
2018-11-13 8:00,842,40249,73950,periode13
2018-11-14 8:00,840,40158,73469,periode13
2018-11-15 8:00,842,40249,73950,periode13
2018-11-16 8:00,842,40310,74271,periode13
2018-11-17 8:00,843,40356,74512,periode13
2018-11-18 8:00,844,40401,74752,periode13
2018-11-19 8:00,844,40447,74993,periode13
2018-11-20 8:00,844,40462,75073,periode13
2018-11-21 8:00,844,40439,74953,periode13
2018-11-22 8:00,844,40447,74993,periode13
2018-11-23 8:00,845,40477,75154,periode13
2018-11-24 8:00,845,40530,75437,periode13
2018-11-25 8:00,846,40581,75724,periode13
2018-11-26 8:00,846,40604,75846,periode13
2018-11-27 8:00,847,40626,75969,periode13
2018-11-28 8:00,849,40791,76883,periode13
2018-11-29 8:00,852,41029,78194,periode13
2018-11-30 8:00,855,41266,79507,periode13
2018-12-01 8:00,859,41500,80841,periode13
2018-12-02 8:00,862,41734,82175,periode13
2018-12-03 8:00,866,42020,83817,periode13
2018-12-04 8:00,866,42027,83860,periode13
2018-12-05 8:00,866,42027,83860,periode13
2018-12-06 8:00,866,42020,83817,periode13
2018-12-07 8:00,866,42013,83775,periode13
2018-12-08 8:00,865,41998,83690,periode13
2018-12-09 8:00,866,42006,83733,periode13
2018-12-10 8:00,865,41984,83606,periode13
2018-12-11 8:00,864,41934,83313,periode13
2018-12-12 8:00,864,41912,83188,periode13
2018-12-13 8:00,864,41934,83313,periode13
2018-12-14 8:00,864,41934,83313,periode13
2018-12-15 8:00,866,42062,84071,periode13
2018-12-16 8:00,867,42084,84198,periode13
2018-12-17 8:00,867,42112,84367,periode13
2018-12-18 8:00,867,42091,84240,periode13
2018-12-19 8:00,866,42041,83944,periode13
2018-12-20 8:00,866,42013,83775,periode13
2018-12-21 8:00,865,41991,83648,periode13
2018-12-22 8:00,865,41998,83690,periode13
2018-12-23 8:00,865,41984,83606,periode13
2018-12-24 8:00,865,41948,83396,periode13
2018-12-25 8:00,865,41948,83396,periode13
2018-12-26 8:00,864,41934,83313,periode13
2018-12-27 8:00,864,41912,83188,periode13
2018-12-28 8:00,864,41904,83147,periode13
2018-12-29 8:00,864,41897,83105,periode13
2018-12-30 8:00,864,41882,83022,periode13
2018-12-31 8:00,864,41919,83230,periode13
2019-01-01 8:00,865,41963,83479,periode13
2019-01-02 8:00,865,41941,83355,periode13
2019-01-03 8:00,865,41941,83355,periode13
2019-01-04 8:00,864,41875,82980,periode13
2019-01-05 8:00,864,41897,83105,periode13
2019-01-06 8:00,864,41897,83105,periode13
2019-01-07 8:00,866,42055,84029,periode13
2019-01-08 8:00,866,42062,84071,periode13
2019-01-09 8:00,866,42048,83987,periode13
2019-01-10 8:00,866,42069,84113,periode13
2019-01-11 8:00,871,42368,85891,periode13
2019-01-12 8:00,875,42652,87585,periode13
2019-01-13 8:00,879,43019,89649,periode13
2019-01-14 8:00,882,43196,90639,periode13
2019-01-15 8:00,882,43219,90768,periode13
2019-01-16 8:00,881,43173,90510,periode13
2019-01-17 8:00,881,43142,90338,periode13
2019-01-18 8:00,881,43111,90165,periode13
2019-01-19 8:00,880,43096,90079,periode13
2019-01-20 8:00,880,43080,89993,periode13
2019-01-21 8:00,880,43057,89864,periode13
2019-01-22 8:00,880,43034,89735,periode13
2019-01-23 8:00,879,43019,89649,periode13
2019-01-24 8:00,879,43019,89649,periode13
2019-01-25 8:00,931,47133,113343,periode13
2019-01-26 8:00,916,45686,106033,periode13
2019-01-27 8:00,893,43974,95428,periode13
2019-01-28 8:00,876,42749,88142,periode13
2019-01-29 8:00,877,42842,88658,periode13
2019-01-30 8:00,884,43358,91543,periode13
2019-01-31 8:00,887,43586,92932,periode13
2019-02-01 8:00,888,43640,93281,periode13
2019-02-02 8:00,889,43702,93674,periode13
2019-02-03 8:00,889,43729,93848,periode13
2019-02-04 8:00,894,44028,95780,periode13
2019-02-05 8:00,938,47734,116434,periode13
2019-02-06 8:00,901,44551,99152,periode13
2019-02-07 8:00,898,44323,97684,periode13
2019-02-08 8:00,898,44351,97862,periode13
2019-02-09 8:00,898,44337,97773,periode13
2019-02-10 8:00,897,44296,97507,periode13
2019-02-11 8:00,897,44261,97284,periode13
2019-02-12 8:00,896,44206,96928,periode13
2019-02-13 8:00,895,44144,96528,periode13
2019-02-14 8:00,894,44096,96219,periode13
2019-02-15 8:00,894,44062,95999,periode13
2019-02-16 8:00,894,44028,95780,periode13
2019-02-17 8:00,893,43994,95560,periode13
2019-02-18 8:00,892,43960,95340,periode13
2019-02-19 8:00,892,43933,95164,periode13
2019-02-20 8:00,892,43906,94988,periode13
2019-02-21 8:00,891,43885,94856,periode13
2019-02-22 8:00,891,43865,94725,periode13
2019-02-23 8:00,891,43838,94549,periode13
2019-02-24 8:00,890,43790,94241,periode13
2019-02-25 8:00,889,43736,93892,periode13
2019-02-26 8:00,899,44378,98040,periode13
2019-02-27 8:00,898,44316,97640,periode13
2019-02-28 8:00,896,44185,96795,periode13
2019-03-01 8:00,895,44116,96351,periode13
2019-03-02 8:00,894,44048,95911,periode13
2019-03-03 8:00,893,43994,95560,periode13
2019-03-04 8:00,892,43933,95164,periode13
2019-03-05 8:00,891,43885,94856,periode13
2019-03-06 8:00,891,43831,94505,periode13
2019-03-07 8:00,890,43783,94197,periode13
2019-03-08 8:00,889,43749,93979,periode13
2019-03-09 8:00,889,43722,93805,periode13
2019-03-10 8:00,888,43674,93499,periode13
2019-03-11 8:00,887,43613,93107,periode13
2019-03-12 8:00,886,43552,92714,periode13
2019-03-13 8:00,883,43319,91328,periode13
2019-03-14 8:00,883,43296,91199,periode13
2019-03-15 8:00,882,43196,90639,periode13
2019-03-16 8:00,881,43127,90251,periode13
2019-03-17 8:00,880,43073,89950,periode13
2019-03-18 8:00,880,43057,89864,periode13
2019-03-19 8:00,879,43003,89563,periode13
2019-03-20 8:00,878,42919,89089,periode13
2019-03-21 8:00,880,43073,89950,periode13
2019-03-22 8:00,874,42581,87161,periode13
2019-03-23 8:00,874,42595,87246,periode13
2019-03-24 8:00,874,42588,87204,periode13
2019-03-25 8:00,873,42552,86992,periode13
2019-03-26 8:00,873,42517,86780,periode13
2019-03-27 8:00,872,42474,86526,periode13
2019-03-28 8:00,872,42432,86272,periode13
2019-03-29 8:00,871,42389,86018,periode13
2019-03-30 8:00,870,42339,85722,periode13
2019-03-31 8:00,870,42297,85468,periode13
2019-04-01 8:00,869,42268,85298,periode13
2019-04-02 8:00,869,42240,85129,periode13
2019-04-03 8:00,868,42218,85002,periode13
2019-04-04 8:00,870,42297,85468,periode13
2019-04-05 8:00,870,42346,85764,periode13
2019-04-06 8:00,870,42325,85637,periode13
2019-04-07 8:00,870,42297,85468,periode13
2019-04-08 8:00,870,42339,85722,periode13
2019-04-09 8:00,869,42282,85383,periode13
2019-04-10 8:00,869,42254,85214,periode13
2019-04-11 8:00,869,42254,85214,periode13
2019-04-12 8:00,868,42218,85002,periode13
2019-04-13 8:00,868,42211,84960,periode13
2019-04-14 8:00,868,42162,84664,periode13
2019-04-15 8:00,867,42119,84410,periode13
2019-04-16 8:00,866,42055,84029,periode13
2019-04-17 8:00,866,42034,83902,periode13
2019-04-18 8:00,865,41955,83438,periode13
2019-04-19 8:00,864,41919,83230,periode13
2019-04-20 8:00,864,41890,83063,periode13
2019-04-21 8:00,863,41839,82772,periode13
2019-04-22 8:00,862,41788,82481,periode13
2019-04-23 8:00,862,41773,82398,periode13
2019-04-24 8:00,862,41729,82148,periode13
2019-04-25 8:00,861,41707,82023,periode13
2019-04-26 8:00,861,41678,81857,periode13
2019-04-27 8:00,861,41671,81815,periode13
2019-04-28 8:00,860,41605,81441,periode13
2019-04-29 8:00,859,41547,81108,periode13
2019-04-30 8:00,858,41481,80734,periode13
2019-05-01 8:00,858,41430,80443,periode13
2019-05-02 8:00,857,41379,80151,periode13
2019-05-03 8:00,856,41320,79819,periode13
2019-05-04 8:00,856,41313,79777,periode13
2019-05-05 8:00,855,41255,79444,periode13
2019-05-06 8:00,854,41181,79034,periode13
2019-05-07 8:00,853,41122,78707,periode13
2019-05-08 8:00,853,41062,78380,periode13
2019-05-09 8:00,852,41003,78053,periode13
2019-05-10 8:00,851,40966,77849,periode13
2019-05-11 8:00,850,40907,77522,periode13
2019-05-12 8:00,850,40892,77440,periode13
2019-05-13 8:00,849,40826,77072,periode13
2019-05-14 8:00,851,40944,77726,periode13
2019-05-15 8:00,850,40907,77522,periode13
2019-05-16 8:00,850,40877,77358,periode13
2019-05-17 8:00,849,40789,76868,periode13
2019-05-18 8:00,848,40737,76582,periode13
2019-05-19 8:00,848,40692,76337,periode13
2019-05-20 8:00,847,40663,76173,periode13
2019-05-21 8:00,846,40611,75887,periode13
2019-05-22 8:00,846,40552,75560,periode13
2019-05-23 8:00,845,40530,75437,periode13
2019-05-24 8:00,844,40462,75073,periode13
2019-05-25 8:00,844,40454,75033,periode13
2019-05-26 8:00,844,40462,75073,periode13
2019-05-27 8:00,844,40401,74752,periode13
2019-05-28 8:00,845,40507,75315,periode13
2019-05-29 8:00,844,40447,74993,periode13
2019-05-30 8:00,844,40401,74752,periode13
2019-05-31 8:00,843,40348,74472,periode13
2019-06-01 8:00,842,40302,74231,periode13
2019-06-02 8:00,842,40242,73910,periode13
2019-06-03 8:00,841,40166,73509,periode13
2019-06-04 8:00,840,40097,73148,periode13
2019-06-05 8:00,839,40052,72907,periode13
2019-06-06 8:00,838,39983,72546,periode13
2019-06-07 8:00,838,39945,72345,periode13
2019-06-08 8:00,837,39869,71944,periode13
2019-06-09 8:00,836,39786,71503,periode13
2019-06-10 8:00,834,39700,71065,periode13
2019-06-11 8:00,834,39668,70908,periode13
2019-06-12 8:00,833,39604,70593,periode13
2019-06-13 8:00,832,39516,70160,periode13
2019-06-14 8:00,831,39444,69806,periode13
2019-06-15 8:00,830,39372,69452,periode13
2019-06-16 8:00,830,39308,69138,periode13
2019-06-17 8:00,829,39244,68823,periode13
2019-06-18 8:00,828,39156,68390,periode13
2019-06-19 8:00,827,39084,68036,periode13
2019-06-20 8:00,826,38996,67603,periode13
2019-06-21 8:00,824,38899,67135,periode13
2019-06-22 8:00,824,38825,66789,periode13
2019-06-23 8:00,823,38768,66519,periode13
2019-06-24 8:00,822,38686,66134,periode13
2019-06-25 8:00,821,38620,65825,periode13
2019-06-26 8:00,820,38546,65479,periode13
2019-06-27 8:00,819,38464,65093,periode13
2019-06-28 8:00,818,38382,64708,periode13
2019-06-29 8:00,817,38300,64323,periode13
2019-06-30 8:00,816,38210,63899,periode13
2019-07-01 8:00,815,38153,63629,periode13
2019-07-02 8:00,814,38046,63136,periode13
2019-07-03 8:00,813,37964,62759,periode13
2019-07-04 8:00,812,37866,62306,periode13
2019-07-05 8:00,810,37735,61703,periode13
2019-07-06 8:00,809,37661,61363,periode13
2019-07-07 8:00,808,37579,60986,periode13
2019-07-08 8:00,807,37497,60609,periode13
2019-07-09 8:00,806,37398,60157,periode13
2019-07-10 8:00,805,37308,59742,periode13
2019-07-11 8:00,804,37205,59298,periode13
2019-07-12 8:00,803,37111,58893,periode13
2019-07-13 8:00,802,37025,58524,periode13
2019-07-14 8:00,801,36930,58119,periode13
2019-07-15 8:00,800,36844,57750,periode13
2019-07-16 8:00,799,36758,57381,periode13
2019-07-17 8:00,798,36672,57012,periode13
2019-07-18 8:00,797,36595,56681,periode13
2019-07-19 8:00,796,36526,56386,periode13
2019-07-20 8:00,795,36457,56091,periode13
2019-07-21 8:00,794,36366,55729,periode13
2019-07-22 8:00,793,36282,55405,periode13
2019-07-23 8:00,792,36189,55046,periode13
2019-07-24 8:00,791,36105,54722,periode13
2019-07-25 8:00,790,36022,54398,periode13
2019-07-26 8:00,790,35928,54038,periode13
2019-07-27 8:00,788,35836,53678,periode13
2019-07-28 8:00,788,35742,53318,periode13
2019-07-29 8:00,786,35640,52923,periode13
2019-07-30 8:00,785,35547,52563,periode13
2019-07-31 8:00,784,35466,52244,periode13
2019-08-01 8:00,784,35380,51893,periode13
2019-08-02 8:00,783,35301,51577,periode13
2019-08-03 8:00,782,35214,51227,periode13
2019-08-04 8:00,781,35136,50911,periode13
2019-08-05 8:00,780,35049,50560,periode13
2019-08-06 8:00,779,34971,50245,periode13
2019-08-07 8:00,778,34884,49894,periode13
2019-08-08 8:00,777,34805,49578,periode13
2019-08-09 8:00,776,34736,49298,periode13
2019-08-10 8:00,775,34657,48982,periode13
2019-08-11 8:00,774,34556,48674,periode13
2019-08-12 8:00,773,34448,48367,periode13
2019-08-13 8:00,772,34328,48027,periode13
2019-08-14 8:00,771,34196,47653,periode13
2019-08-15 8:00,770,34040,47210,periode13
2019-08-16 8:00,769,33908,46836,periode13
2019-08-17 8:00,768,33788,46495,periode13
2019-08-18 8:00,767,33692,46223,periode13
2019-08-19 8:00,766,33596,45951,periode13
2019-08-20 8:00,766,33500,45678,periode13
2019-08-21 8:00,765,33392,45377,periode13
2019-08-22 8:00,764,33285,45081,periode13
2019-08-23 8:00,763,33190,44818,periode13
2019-08-24 8:00,762,33107,44588,periode13
2019-08-25 8:00,761,33000,44293,periode13
2019-08-26 8:00,760,32845,43866,periode13
2019-08-27 8:00,758,32643,43307,periode13
2019-08-28 8:00,757,32464,42814,periode13
2019-08-29 8:00,756,32321,42420,periode13
2019-08-30 8:00,754,32210,42064,periode13
2019-08-31 8:00,753,32108,41650,periode13
2019-09-01 8:00,752,32029,41331,periode13
2019-09-02 8:00,751,31918,40885,periode13
2019-09-03 8:00,750,31823,40503,periode13
2019-09-04 8:00,745,31468,39070,periode13
2019-09-05 8:00,727,29962,33608,periode13
2019-09-06 8:00,714,28772,29842,periode13
2019-09-07 8:00,713,28592,29304,periode13
2019-09-08 8:00,711,28440,28850,periode13
2019-09-09 8:00,711,28430,28822,periode13
2019-09-10 8:00,710,28392,28708,periode13
2019-09-11 8:00,808,37546,60835,periode13
2019-09-12 8:00,808,37546,60835,periode13
2019-09-13 8:00,808,37554,60873,periode13
2019-09-14 8:00,804,37257,59520,periode13
2019-09-15 8:00,787,35687,53103,periode13
2019-09-16 8:00,768,33776,46461,periode13
2019-09-17 8:00,763,33214,44884,periode13
2019-09-18 8:00,763,33250,44982,periode13
2019-09-19 8:00,763,33190,44818,periode13
2019-09-20 8:00,762,33131,44654,periode13
2019-09-21 8:00,762,33071,44490,periode13
2019-09-22 8:00,762,33059,44457,periode13
2019-09-23 8:00,761,33000,44293,periode13
2019-09-24 8:00,761,32928,44095,periode13
2019-09-25 8:00,760,32845,43866,periode13
2019-09-26 8:00,759,32762,43636,periode13
2019-09-27 8:00,759,32690,43438,periode13
2019-09-28 8:00,758,32631,43274,periode13
2019-09-29 8:00,758,32583,43143,periode13
2019-09-30 8:00,757,32536,43011,periode13
2019-10-01 8:00,757,32476,42847,periode13
2019-10-02 8:00,756,32428,42716,periode13
2019-10-03 8:00,756,32357,42519,periode13
2019-10-04 8:00,755,32286,42322,periode13
2019-10-05 8:00,755,32262,42256,periode13
2019-10-06 8:00,754,32210,42064,periode13
2019-10-07 8:00,755,32274,42289,periode13
2019-10-08 8:00,757,32524,42979,periode13
2019-10-09 8:00,757,32524,42979,periode13
2019-10-10 8:00,757,32500,42913,periode13
2019-10-11 8:00,757,32440,42749,periode13
2019-10-12 8:00,756,32393,42617,periode13
2019-10-13 8:00,756,32357,42519,periode13
2019-10-14 8:00,756,32321,42420,periode13
2019-10-15 8:00,755,32274,42289,periode13
2019-10-16 8:00,755,32234,42159,periode13
2019-10-17 8:00,754,32210,42064,periode13
2019-10-18 8:00,754,32179,41936,periode13
2019-10-19 8:00,754,32155,41841,periode13
2019-10-20 8:00,753,32116,41682,periode13
2019-10-21 8:00,753,32084,41554,periode13
2019-10-22 8:00,753,32060,41459,periode13
2019-10-23 8:00,752,32029,41331,periode13
2019-10-24 8:00,752,32029,41331,periode13
2019-10-25 8:00,813,37956,62721,periode13
2019-10-26 8:00,813,37956,62721,periode13
2019-10-27 8:00,805,37316,59779,periode13
2019-10-28 8:00,797,36629,56828,periode13
2019-10-29 8:00,795,36449,56054,periode13
2019-10-30 8:00,795,36421,55945,periode13
2019-10-31 8:00,795,36403,55873,periode13
2019-11-01 8:00,796,36509,56312,periode13
2019-11-02 8:00,798,36681,57049,periode13
2019-11-03 8:00,798,36698,57123,periode13
2019-11-04 8:00,797,36646,56902,periode13
2019-11-05 8:00,797,36612,56754,periode13
2019-11-06 8:00,797,36603,56718,periode13
2019-11-07 8:00,802,37059,58672,periode13
2019-11-08 8:00,809,37612,61137,periode13
2019-11-09 8:00,810,37685,61476,periode13
2019-11-10 8:00,810,37743,61740,periode13
2019-11-11 8:00,810,37710,61590,periode13
2019-11-12 8:00,815,38095,63362,periode13
2019-11-13 8:00,912,45360,104157,periode13
2019-11-14 8:00,891,43878,94812,periode13
2019-11-15 8:00,873,42531,86865,periode13
2019-11-16 8:00,854,41166,78952,periode13
2019-11-17 8:00,851,40914,77563,periode13
2019-11-18 8:00,852,41055,78339,periode13
2019-11-19 8:00,853,41092,78544,periode13
2019-11-20 8:00,853,41099,78584,periode13
2019-11-21 8:00,854,41151,78871,periode13
2019-11-22 8:00,854,41173,78993,periode13
2019-11-23 8:00,855,41225,79279,periode13
2019-11-24 8:00,856,41284,79611,periode13
2019-11-25 8:00,857,41357,80027,periode13
2019-11-26 8:00,863,41824,82689,periode13
2019-11-27 8:00,849,40796,76909,periode13
2019-11-28 8:00,843,40333,74391,periode13
2019-11-29 8:00,844,40401,74752,periode13
2019-11-30 8:00,844,40424,74873,periode13
2019-12-01 8:00,845,40470,75114,periode13
2019-12-02 8:00,846,40537,75478,periode13
2019-12-03 8:00,846,40559,75601,periode13
2019-12-04 8:00,847,40648,76091,periode13
2019-12-05 8:00,851,40944,77726,periode13
2019-12-06 8:00,833,39548,70318,periode13
2019-12-07 8:00,814,38013,62985,periode13
2019-12-08 8:00,806,35580,44581,periode14
2019-12-09 8:00,808,35726,45255,periode14
2019-12-10 8:00,902,43851,82291,periode14
2019-12-11 8:00,925,45785,92734,periode14
2019-12-12 8:00,901,43791,81982,periode14
2019-12-13 8:00,910,44527,85777,periode14
2019-12-14 8:00,894,43083,78819,periode14
2019-12-15 8:00,876,41443,71427,periode14
2019-12-16 8:00,860,40074,64939,periode14
2019-12-17 8:00,857,39784,63630,periode14
2019-12-18 8:00,860,40014,64660,periode14
2019-12-19 8:00,865,40482,66922,periode14
2019-12-20 8:00,870,40890,68906,periode14
2019-12-21 8:00,873,41144,70063,periode14
2019-12-22 8:00,874,41253,70559,periode14
2019-12-23 8:00,875,41307,70807,periode14
2019-12-24 8:00,875,41362,71055,periode14
2019-12-25 8:00,876,41416,71303,periode14
2019-12-26 8:00,876,41471,71551,periode14
2019-12-27 8:00,877,41534,71840,periode14
2019-12-28 8:00,878,41607,72171,periode14
2019-12-29 8:00,880,41743,72790,periode14
2019-12-30 8:00,882,41983,73884,periode14
2019-12-31 8:00,885,42262,75151,periode14
2020-01-01 8:00,887,42466,76081,periode14
2020-01-02 8:00,888,42559,76503,periode14
2020-01-03 8:00,888,42550,76461,periode14
2020-01-04 8:00,888,42531,76376,periode14
2020-01-05 8:00,888,42531,76376,periode14
2020-01-06 8:00,888,42522,76334,periode14
2020-01-07 8:00,888,42513,76292,periode14
2020-01-08 8:00,888,42531,76376,periode14
2020-01-09 8:00,889,42587,76630,periode14
2020-01-10 8:00,889,42661,76968,periode14
2020-01-11 8:00,890,42717,77221,periode14
2020-01-12 8:00,890,42727,77264,periode14
2020-01-13 8:00,890,42717,77221,periode14
2020-01-14 8:00,890,42689,77094,periode14
2020-01-15 8:00,889,42652,76925,periode14
2020-01-16 8:00,889,42633,76841,periode14
2020-01-17 8:00,889,42615,76756,periode14
2020-01-18 8:00,889,42587,76630,periode14
2020-01-19 8:00,888,42559,76503,periode14
2020-01-20 8:00,888,42531,76376,periode14
2020-01-21 8:00,888,42522,76334,periode14
2020-01-22 8:00,888,42531,76376,periode14
2020-01-23 8:00,888,42559,76503,periode14
2020-01-24 8:00,889,42587,76630,periode14
2020-01-25 8:00,888,42578,76587,periode14
2020-01-26 8:00,888,42550,76461,periode14
2020-01-27 8:00,888,42531,76376,periode14
2020-01-28 8:00,888,42531,76376,periode14
2020-01-29 8:00,888,42550,76461,periode14
2020-01-30 8:00,888,42578,76587,periode14
2020-01-31 8:00,888,42578,76587,periode14
2020-02-01 8:00,888,42559,76503,periode14
2020-02-02 8:00,888,42531,76376,periode14
2020-02-03 8:00,888,42513,76292,periode14
2020-02-04 8:00,887,42475,76123,periode14
2020-02-05 8:00,887,42420,75869,periode14
2020-02-06 8:00,886,42373,75658,periode14
2020-02-07 8:00,886,42355,75574,periode14
2020-02-08 8:00,886,42345,75531,periode14
2020-02-09 8:00,886,42327,75447,periode14
2020-02-10 8:00,886,42299,75320,periode14
2020-02-11 8:00,885,42262,75151,periode14
2020-02-12 8:00,885,42243,75067,periode14
2020-02-13 8:00,885,42243,75067,periode14
2020-02-14 8:00,885,42234,75025,periode14
2020-02-15 8:00,884,42206,74898,periode14
2020-02-16 8:00,884,42187,74813,periode14
2020-02-17 8:00,884,42150,74644,periode14
2020-02-18 8:00,883,42095,74391,periode14
2020-02-19 8:00,882,42002,73969,periode14
2020-02-20 8:00,882,41955,73757,periode14
2020-02-21 8:00,882,41955,73757,periode14
2020-02-22 8:00,882,41974,73842,periode14
2020-02-23 8:00,882,41974,73842,periode14
2020-02-24 8:00,881,41918,73588,periode14
2020-02-25 8:00,881,41872,73377,periode14
2020-02-26 8:00,880,41825,73166,periode14
2020-02-27 8:00,880,41761,72873,periode14
2020-02-28 8:00,879,41706,72625,periode14
2020-02-29 8:00,878,41643,72336,periode14
2020-03-01 8:00,878,41598,72129,periode14
2020-03-02 8:00,877,41552,71923,periode14
2020-03-03 8:00,877,41525,71799,periode14
2020-03-04 8:00,877,41534,71840,periode14
2020-03-05 8:00,878,41598,72129,periode14
2020-03-06 8:00,878,41643,72336,periode14
2020-03-07 8:00,878,41643,72336,periode14
2020-03-08 8:00,879,41670,72460,periode14
2020-03-09 8:00,881,41862,73335,periode14
2020-03-10 8:00,884,42197,74856,periode14
2020-03-11 8:00,888,42503,76249,periode14
2020-03-12 8:00,889,42652,76925,periode14
2020-03-13 8:00,889,42633,76841,periode14
2020-03-14 8:00,888,42559,76503,periode14
2020-03-15 8:00,887,42466,76081,periode14
2020-03-16 8:00,886,42364,75616,periode14
2020-03-17 8:00,885,42290,75278,periode14
2020-03-18 8:00,885,42215,74940,periode14
2020-03-19 8:00,884,42150,74644,periode14
2020-03-20 8:00,883,42104,74433,periode14
2020-03-21 8:00,883,42076,74306,periode14
2020-03-22 8:00,883,42039,74137,periode14
2020-03-23 8:00,882,41965,73800,periode14
2020-03-24 8:00,882,41974,73842,periode14
2020-03-25 8:00,883,42067,74264,periode14
2020-03-26 8:00,896,43310,79813,periode14
2020-03-27 8:00,886,42345,75531,periode14
2020-03-28 8:00,879,41697,72584,periode14
2020-03-29 8:00,878,41607,72171,periode14
2020-03-30 8:00,879,41697,72584,periode14
2020-03-31 8:00,881,41881,73419,periode14
2020-04-01 8:00,881,41881,73419,periode14
2020-04-02 8:00,881,41881,73419,periode14
2020-04-03 8:00,881,41881,73419,periode14
2020-04-04 8:00,914,44846,87751,periode14
2020-04-05 8:00,893,43013,78517,periode14
2020-04-06 8:00,884,42160,74687,periode14
2020-04-07 8:00,883,42067,74264,periode14
2020-04-08 8:00,882,41983,73884,periode14
2020-04-09 8:00,882,41974,73842,periode14
2020-04-10 8:00,882,41974,73842,periode14
2020-04-11 8:00,882,41955,73757,periode14
2020-04-12 8:00,881,41890,73462,periode14
2020-04-13 8:00,881,41881,73419,periode14
2020-04-14 8:00,880,41825,73166,periode14
2020-04-15 8:00,879,41715,72666,periode14
2020-04-16 8:00,879,41697,72584,periode14
2020-04-17 8:00,878,41652,72377,periode14
2020-04-18 8:00,878,41607,72171,periode14
2020-04-19 8:00,878,41570,72005,periode14
2020-04-20 8:00,877,41543,71881,periode14
2020-04-21 8:00,878,41598,72129,periode14
2020-04-22 8:00,878,41607,72171,periode14
2020-04-23 8:00,878,41607,72171,periode14
2020-04-24 8:00,878,41607,72171,periode14
2020-04-25 8:00,878,41598,72129,periode14
2020-04-26 8:00,878,41634,72295,periode14
2020-04-27 8:00,880,41752,72832,periode14
2020-04-28 8:00,880,41770,72914,periode14
2020-04-29 8:00,884,42160,74687,periode14
2020-04-30 8:00,890,42680,77052,periode14
2020-05-01 8:00,890,42737,77307,periode14
2020-05-02 8:00,890,42708,77179,periode14
2020-05-03 8:00,889,42596,76672,periode14
2020-05-04 8:00,887,42475,76123,periode14
2020-05-05 8:00,886,42373,75658,periode14
2020-05-06 8:00,885,42280,75236,periode14
2020-05-07 8:00,884,42187,74813,periode14
2020-05-08 8:00,883,42076,74306,periode14
2020-05-09 8:00,882,41974,73842,periode14
2020-05-10 8:00,881,41881,73419,periode14
2020-05-11 8:00,880,41788,72997,periode14
2020-05-12 8:00,879,41670,72460,periode14
2020-05-13 8:00,877,41552,71923,periode14
2020-05-14 8:00,876,41434,71386,periode14
2020-05-15 8:00,875,41325,70890,periode14
2020-05-16 8:00,874,41244,70518,periode14
2020-05-17 8:00,873,41171,70187,periode14
2020-05-18 8:00,872,41099,69857,periode14
2020-05-19 8:00,872,41017,69485,periode14
2020-05-20 8:00,870,40917,69030,periode14
2020-05-21 8:00,870,40848,68703,periode14
2020-05-22 8:00,869,40789,68420,periode14
2020-05-23 8:00,868,40706,68015,periode14
2020-05-24 8:00,867,40615,67570,periode14
2020-05-25 8:00,866,40523,67125,periode14
2020-05-26 8:00,865,40448,66761,periode14
2020-05-27 8:00,864,40390,66477,periode14
2020-05-28 8:00,864,40340,66234,periode14
2020-05-29 8:00,863,40282,65951,periode14
2020-05-30 8:00,862,40232,65708,periode14
2020-05-31 8:00,862,40190,65506,periode14
2020-06-01 8:00,861,40141,65263,periode14
2020-06-02 8:00,860,40074,64939,periode14
2020-06-03 8:00,859,39987,64541,periode14
2020-06-04 8:00,858,39917,64224,periode14
2020-06-05 8:00,858,39881,64065,periode14
2020-06-06 8:00,858,39837,63867,periode14
2020-06-07 8:00,857,39758,63511,periode14
2020-06-08 8:00,856,39652,63036,periode14
2020-06-09 8:00,854,39563,62639,periode14
2020-06-10 8:00,854,39484,62283,periode14
2020-06-11 8:00,853,39404,61926,periode14
2020-06-12 8:00,852,39316,61530,periode14
2020-06-13 8:00,851,39237,61174,periode14
2020-06-14 8:00,850,39158,60818,periode14
2020-06-15 8:00,849,39064,60392,periode14
2020-06-16 8:00,848,38963,59927,periode14
2020-06-17 8:00,847,38878,59540,periode14
2020-06-18 8:00,846,38802,59191,periode14
2020-06-19 8:00,845,38743,58920,periode14
2020-06-20 8:00,844,38675,58610,periode14
2020-06-21 8:00,843,38608,58300,periode14
2020-06-22 8:00,841,38438,57525,periode14
2020-06-23 8:00,836,38029,55656,periode14
2020-06-24 8:00,830,37472,53119,periode14
2020-06-25 8:00,824,36998,50968,periode14
2020-06-26 8:00,821,36736,49782,periode14
2020-06-27 8:00,820,36655,49412,periode14
2020-06-28 8:00,819,36590,49122,periode14
2020-06-29 8:00,818,36516,48796,periode14
2020-06-30 8:00,817,36443,48469,periode14
2020-07-01 8:00,816,36386,48216,periode14
2020-07-02 8:00,816,36329,47962,periode14
2020-07-03 8:00,815,36272,47708,periode14
2020-07-04 8:00,814,36207,47418,periode14
2020-07-05 8:00,813,36093,46910,periode14
2020-07-06 8:00,809,35803,45610,periode14
2020-07-07 8:00,804,35387,43694,periode14
2020-07-08 8:00,799,34982,41860,periode14
2020-07-09 8:00,796,34747,40854,periode14
2020-07-10 8:00,795,34666,40508,periode14
2020-07-11 8:00,794,34633,40369,periode14
2020-07-12 8:00,794,34577,40126,periode14
2020-07-13 8:00,793,34504,39814,periode14
2020-07-14 8:00,792,34423,39467,periode14
2020-07-15 8:00,791,34358,39190,periode14
2020-07-16 8:00,790,34318,39016,periode14
2020-07-17 8:00,790,34293,38912,periode14
2020-07-18 8:00,789,34227,38640,periode14
2020-07-19 8:00,788,34127,38234,periode14
2020-07-20 8:00,787,34010,37759,periode14
2020-07-21 8:00,786,33902,37319,periode14
2020-07-22 8:00,784,33802,36913,periode14
2020-07-23 8:00,783,33702,36507,periode14
2020-07-24 8:00,782,33610,36134,periode14
2020-07-25 8:00,781,33518,35762,periode14
2020-07-26 8:00,780,33451,35491,periode14
2020-07-27 8:00,779,33374,35193,periode14
2020-07-28 8:00,778,33279,34830,periode14
2020-07-29 8:00,777,33167,34401,periode14
2020-07-30 8:00,776,33055,33972,periode14
2020-07-31 8:00,774,32951,33575,periode14
2020-08-01 8:00,773,32873,33278,periode14
2020-08-02 8:00,773,32813,33047,periode14
2020-08-03 8:00,772,32735,32750,periode14
2020-08-04 8:00,771,32640,32387,periode14
2020-08-05 8:00,769,32520,31931,periode14
2020-08-06 8:00,768,32383,31416,periode14
2020-08-07 8:00,766,32263,30966,periode14
2020-08-08 8:00,765,32161,30580,periode14
2020-08-09 8:00,764,32075,30259,periode14
2020-08-10 8:00,763,31998,29969,periode14
2020-08-11 8:00,762,31938,29744,periode14
2020-08-12 8:00,762,31852,29422,periode14
2020-08-13 8:00,760,31758,29069,periode14
2020-08-14 8:00,759,31653,28690,periode14
2020-08-15 8:00,758,31565,28377,periode14
2020-08-16 8:00,757,31468,28033,periode14
2020-08-17 8:00,756,31344,27595,periode14
2020-08-18 8:00,754,31212,27125,periode14
2020-08-19 8:00,753,31097,26718,periode14
2020-08-20 8:00,752,31000,26374,periode14
2020-08-21 8:00,751,30938,26155,periode14
2020-08-22 8:00,750,30867,25905,periode14
2020-08-23 8:00,750,30789,25659,periode14
2020-08-24 8:00,749,30716,25447,periode14
2020-08-25 8:00,748,30632,25204,periode14
2020-08-26 8:00,747,30517,24870,periode14
2020-08-27 8:00,746,30382,24475,periode14
2020-08-28 8:00,744,30256,24111,periode14
2020-08-29 8:00,744,30183,23898,periode14
2020-08-30 8:00,743,30131,23747,periode14
2020-08-31 8:00,743,30068,23564,periode14
2020-09-01 8:00,742,29985,23321,periode14
2020-09-02 8:00,741,29922,23139,periode14
2020-09-03 8:00,741,29860,22957,periode14
2020-09-04 8:00,740,29770,22717,periode14
2020-09-05 8:00,738,29566,22279,periode14
2020-09-06 8:00,737,29349,21813,periode14
2020-09-07 8:00,736,29199,21492,periode14
2020-09-08 8:00,735,29118,21318,periode14
2020-09-09 8:00,735,29064,21201,periode14
2020-09-10 8:00,734,28982,21026,periode14
2020-09-11 8:00,733,28901,20851,periode14
2020-09-12 8:00,733,28874,20793,periode14
2020-09-13 8:00,733,28901,20851,periode14
2020-09-14 8:00,735,29077,21230,periode14
2020-09-15 8:00,735,29118,21318,periode14
2020-09-16 8:00,734,29050,21172,periode14
2020-09-17 8:00,733,28901,20851,periode14
2020-09-18 8:00,732,28751,20530,periode14
2020-09-19 8:00,732,28738,20501,periode14
2020-09-20 8:00,732,28697,20414,periode14
2020-09-21 8:00,732,28643,20297,periode14
2020-09-22 8:00,731,28561,20122,periode14
2020-09-23 8:00,731,28575,20152,periode14
2020-09-24 8:00,731,28561,20122,periode14
2020-09-25 8:00,730,28493,19977,periode14
2020-09-26 8:00,730,28453,19889,periode14
2020-09-27 8:00,730,28382,19721,periode14
2020-09-28 8:00,729,28290,19498,periode14
2020-09-29 8:00,729,28313,19554,periode14
2020-09-30 8:00,729,28279,19470,periode14
2020-10-01 8:00,728,28222,19331,periode14
2020-10-02 8:00,728,28153,19164,periode14
2020-10-03 8:00,727,28050,18913,periode14
2020-10-04 8:00,726,27970,18718,periode14
2020-10-05 8:00,725,27902,18551,periode14
2020-10-06 8:00,725,27822,18356,periode14
2020-10-07 8:00,724,27765,18216,periode14
2020-10-08 8:00,724,27776,18244,periode14
2020-10-09 8:00,724,27742,18161,periode14
2020-10-10 8:00,723,27593,17798,periode14
2020-10-11 8:00,721,27422,17380,periode14
2020-10-12 8:00,723,27593,17798,periode14
2020-10-13 8:00,723,27627,17882,periode14
2020-10-14 8:00,723,27627,17882,periode14
2020-10-15 8:00,722,27559,17715,periode14
2020-10-16 8:00,721,27456,17464,periode14
2020-10-17 8:00,722,27467,17492,periode14
2020-10-18 8:00,721,27445,17436,periode14
2020-10-19 8:00,720,27353,17213,periode14
2020-10-20 8:00,720,27307,17102,periode14
2020-10-21 8:00,720,27307,17102,periode14
2020-10-22 8:00,720,27330,17158,periode14
2020-10-23 8:00,720,27342,17185,periode14
2020-10-24 8:00,720,27273,17021,periode14
2020-10-25 8:00,719,27133,16700,periode14
2020-10-26 8:00,718,27098,16620,periode14
2020-10-27 8:00,718,27121,16673,periode14
2020-10-28 8:00,718,27121,16673,periode14
2020-10-29 8:00,719,27133,16700,periode14
2020-10-30 8:00,718,27086,16593,periode14
2020-10-31 8:00,717,26981,16353,periode14
2020-11-01 8:00,717,26993,16380,periode14
2020-11-02 8:00,717,26958,16299,periode14
2020-11-03 8:00,716,26876,16112,periode14
2020-11-04 8:00,716,26830,16006,periode14
2020-11-05 8:00,716,26783,15899,periode14
2020-11-06 8:00,715,26748,15819,periode14
2020-11-07 8:00,715,26713,15738,periode14
2020-11-08 8:00,714,26631,15552,periode14
2020-11-09 8:00,713,26491,15231,periode14
2020-11-10 8:00,713,26433,15097,periode14
2020-11-11 8:00,712,26398,15017,periode14
2020-11-12 8:00,712,26422,15071,periode14
2020-11-13 8:00,713,26456,15151,periode14
2020-11-14 8:00,713,26468,15178,periode14
2020-11-15 8:00,712,26410,15044,periode14
2020-11-16 8:00,712,26422,15071,periode14
2020-11-17 8:00,713,26456,15151,periode14
2020-11-18 8:00,712,26398,15017,periode14
2020-11-19 8:00,712,26328,14857,periode14
2020-11-20 8:00,711,26258,14697,periode14
2020-11-21 8:00,711,26247,14670,periode14
2020-11-22 8:00,714,26620,15525,periode14
2020-11-23 8:00,715,26760,15845,periode14
2020-11-24 8:00,716,26853,16059,periode14
2020-11-25 8:00,718,27098,16620,periode14
2020-11-26 8:00,718,27109,16647,periode14
2020-11-27 8:00,735,29104,21288,periode14
2020-11-28 8:00,747,30507,24839,periode14
2020-11-29 8:00,747,30559,24991,periode14
2020-11-30 8:00,748,30664,25295,periode14
2020-12-01 8:00,749,30716,25447,periode14
2020-12-02 8:00,749,30726,25477,periode14
2020-12-03 8:00,752,31009,26406,periode14
2020-12-04 8:00,754,31221,27156,periode14
2020-12-05 8:00,755,31282,27376,periode14
2020-12-06 8:00,755,31300,27438,periode14
2020-12-07 8:00,755,31282,27376,periode14
2020-12-08 8:00,755,31318,27501,periode14
2020-12-09 8:00,755,31291,27407,periode14
2020-12-10 8:00,755,31256,27282,periode14
2020-12-11 8:00,755,31282,27376,periode14
2020-12-12 8:00,756,31327,27532,periode14
2020-12-13 8:00,766,32203,30741,periode14
2020-12-14 8:00,766,32229,30837,periode14
2020-12-15 8:00,766,32272,30998,periode14
2020-12-16 8:00,766,32263,30966,periode14
2020-12-17 8:00,767,32289,31063,periode14
2020-12-18 8:00,767,32298,31095,periode14
2020-12-19 8:00,767,32323,31191,periode14
2020-12-20 8:00,767,32349,31288,periode14
2020-12-21 8:00,768,32383,31416,periode14
2020-12-22 8:00,775,33037,33906,periode14
2020-12-23 8:00,781,33518,35762,periode14
2020-12-24 8:00,782,33593,36066,periode14
2020-12-25 8:00,782,33626,36202,periode14
2020-12-26 8:00,783,33718,36574,periode14
2020-12-27 8:00,795,34690,40612,periode14
2020-12-28 8:00,818,36484,48651,periode14
2020-12-29 8:00,820,36663,49449,periode14
2020-12-30 8:00,821,36753,49856,periode14
2020-12-31 8:00,821,36761,49893,periode14
2021-01-01 8:00,820,36704,49633,periode14
2021-01-02 8:00,820,36687,49559,periode14
2021-01-03 8:00,820,36687,49559,periode14
2021-01-04 8:00,820,36712,49670,periode14
2021-01-05 8:00,821,36736,49782,periode14
2021-01-06 8:00,821,36753,49856,periode14
2021-01-07 8:00,821,36753,49856,periode14
2021-01-08 8:00,821,36777,49967,periode14
2021-01-09 8:00,822,36794,50041,periode14
2021-01-10 8:00,822,36810,50115,periode14
2021-01-11 8:00,822,36867,50375,periode14
2021-01-12 8:00,824,36990,50931,periode14
2021-01-13 8:00,826,37153,51673,periode14
2021-01-14 8:00,828,37284,52266,periode14
2021-01-15 8:00,828,37325,52451,periode14
2021-01-16 8:00,828,37341,52526,periode14
2021-01-17 8:00,828,37365,52637,periode14
2021-01-18 8:00,829,37382,52711,periode14
2021-01-19 8:00,829,37398,52785,periode14
2021-01-20 8:00,829,37406,52822,periode14
2021-01-21 8:00,829,37406,52822,periode14
2021-01-22 8:00,829,37406,52822,periode14
2021-01-23 8:00,829,37423,52896,periode14
2021-01-24 8:00,830,37447,53008,periode14
2021-01-25 8:00,830,37488,53193,periode14
2021-01-26 8:00,831,37546,53458,periode14
2021-01-27 8:00,831,37604,53724,periode14
2021-01-28 8:00,832,37646,53913,periode14
2021-01-29 8:00,832,37671,54027,periode14
2021-01-30 8:00,832,37679,54065,periode14
2021-01-31 8:00,832,37688,54103,periode14
2021-02-01 8:00,833,37713,54216,periode14
2021-02-02 8:00,833,37754,54406,periode14
2021-02-03 8:00,834,37796,54595,periode14
2021-02-04 8:00,834,37796,54595,periode14
2021-02-05 8:00,833,37771,54482,periode14
2021-02-06 8:00,833,37771,54482,periode14
2021-02-07 8:00,834,37779,54520,periode14
2021-02-08 8:00,834,37804,54633,periode14
2021-02-09 8:00,834,37812,54671,periode14
2021-02-10 8:00,834,37812,54671,periode14
2021-02-11 8:00,834,37821,54709,periode14
2021-02-12 8:00,834,37829,54747,periode14
2021-02-13 8:00,834,37829,54747,periode14
2021-02-14 8:00,834,37829,54747,periode14
2021-02-15 8:00,834,37846,54823,periode14
2021-02-16 8:00,835,37871,54936,periode14
2021-02-17 8:00,835,37896,55050,periode14
2021-02-18 8:00,835,37896,55050,periode14
2021-02-19 8:00,835,37887,55012,periode14
2021-02-20 8:00,835,37896,55050,periode14
2021-02-21 8:00,835,37904,55088,periode14
2021-02-22 8:00,835,37904,55088,periode14
2021-02-23 8:00,835,37879,54974,periode14
2021-02-24 8:00,834,37846,54823,periode14
2021-02-25 8:00,834,37829,54747,periode14
2021-02-26 8:00,834,37804,54633,periode14
2021-02-27 8:00,833,37763,54444,periode14
2021-02-28 8:00,833,37713,54216,periode14
2021-03-01 8:00,832,37671,54027,periode14
2021-03-02 8:00,832,37654,53951,periode14
2021-03-03 8:00,832,37654,53951,periode14
2021-03-04 8:00,832,37654,53951,periode14
2021-03-05 8:00,832,37629,53837,periode14
2021-03-06 8:00,831,37596,53686,periode14
2021-03-07 8:00,831,37588,53648,periode14
2021-03-08 8:00,831,37604,53724,periode14
2021-03-09 8:00,831,37596,53686,periode14
2021-03-10 8:00,831,37563,53534,periode14
2021-03-11 8:00,830,37505,53269,periode14
2021-03-12 8:00,830,37480,53156,periode14
2021-03-13 8:00,830,37472,53119,periode14
2021-03-14 8:00,830,37447,53008,periode14
2021-03-15 8:00,829,37423,52896,periode14
2021-03-16 8:00,829,37406,52822,periode14
2021-03-17 8:00,829,37390,52748,periode14
2021-03-18 8:00,828,37365,52637,periode14
2021-03-19 8:00,828,37308,52377,periode14
2021-03-20 8:00,830,37513,53307,periode14
2021-03-21 8:00,831,37563,53534,periode14
2021-03-22 8:00,860,40040,64778,periode14
2021-03-23 8:00,873,41117,69939,periode14
2021-03-24 8:00,875,41334,70931,periode14
2021-03-25 8:00,874,41244,70518,periode14
2021-03-26 8:00,874,41271,70642,periode14
2021-03-27 8:00,874,41217,70394,periode14
2021-03-28 8:00,873,41180,70229,periode14
2021-03-29 8:00,873,41144,70063,periode14
2021-03-30 8:00,872,41108,69898,periode14
2021-03-31 8:00,872,41071,69733,periode14
2021-04-01 8:00,872,41026,69526,periode14
2021-04-02 8:00,871,40999,69402,periode14
2021-04-03 8:00,871,40963,69237,periode14
2021-04-04 8:00,870,40926,69072,periode14
2021-04-05 8:00,870,40890,68906,periode14
2021-04-06 8:00,870,40839,68663,periode14
2021-04-07 8:00,869,40789,68420,periode14
2021-04-08 8:00,868,40740,68177,periode14
2021-04-09 8:00,868,40673,67853,periode14
2021-04-10 8:00,867,40598,67489,periode14
2021-04-11 8:00,866,40515,67084,periode14
2021-04-12 8:00,865,40457,66801,periode14
2021-04-13 8:00,864,40415,66599,periode14
2021-04-14 8:00,864,40407,66558,periode14
2021-04-15 8:00,864,40415,66599,periode14
2021-04-16 8:00,865,40473,66882,periode14
2021-04-17 8:00,866,40581,67408,periode14
2021-04-18 8:00,868,40673,67853,periode14
2021-04-19 8:00,868,40723,68096,periode14
2021-04-20 8:00,868,40690,67934,periode14
2021-04-21 8:00,867,40615,67570,periode14
2021-04-22 8:00,867,40598,67489,periode14
2021-04-23 8:00,868,40698,67975,periode14
2021-04-24 8:00,870,40848,68703,periode14
2021-04-25 8:00,871,40954,69196,periode14
2021-04-26 8:00,871,40954,69196,periode14
2021-04-27 8:00,870,40899,68948,periode14
2021-04-28 8:00,870,40848,68703,periode14
2021-04-29 8:00,869,40789,68420,periode14
2021-04-30 8:00,868,40723,68096,periode14
2021-05-01 8:00,867,40656,67772,periode14
2021-05-02 8:00,867,40623,67610,periode14
2021-05-03 8:00,867,40606,67529,periode14
2021-05-04 8:00,867,40615,67570,periode14
2021-05-05 8:00,867,40631,67651,periode14
2021-05-06 8:00,867,40640,67691,periode14
2021-05-07 8:00,867,40623,67610,periode14
2021-05-08 8:00,867,40598,67489,periode14
2021-05-09 8:00,866,40557,67287,periode14
2021-05-10 8:00,866,40507,67044,periode14
2021-05-11 8:00,865,40457,66801,periode14
2021-05-12 8:00,864,40390,66477,periode14
2021-05-13 8:00,864,40340,66234,periode14
2021-05-14 8:00,863,40307,66073,periode14
2021-05-15 8:00,863,40282,65951,periode14
2021-05-16 8:00,863,40282,65951,periode14
2021-05-17 8:00,862,40215,65627,periode14
2021-05-18 8:00,856,39705,63273,periode14
2021-05-19 8:00,842,38464,57642,periode14
2021-05-20 8:00,821,36769,49930,periode14
2021-05-21 8:00,804,35356,43552,periode14
2021-05-22 8:00,795,34666,40508,periode14
2021-05-23 8:00,793,34536,39953,periode14
2021-05-24 8:00,794,34577,40126,periode14
2021-05-25 8:00,793,34544,39987,periode14
2021-05-26 8:00,792,34463,39641,periode14
2021-05-27 8:00,791,34366,39224,periode14
2021-05-28 8:00,790,34269,38809,periode14
2021-05-29 8:00,789,34210,38572,periode14
2021-05-30 8:00,789,34177,38437,periode14
2021-05-31 8:00,788,34119,38200,periode14
2021-06-01 8:00,787,34010,37759,periode14
2021-06-02 8:00,785,33852,37116,periode14
2021-06-03 8:00,783,33718,36574,periode14
2021-06-04 8:00,782,33610,36134,periode14
2021-06-05 8:00,781,33510,35728,periode14
2021-06-06 8:00,779,33391,35259,periode14
2021-06-07 8:00,778,33288,34863,periode14
2021-06-08 8:00,777,33210,34566,periode14
2021-06-09 8:00,777,33150,34335,periode14
2021-06-10 8:00,776,33081,34071,periode14
2021-06-11 8:00,775,32994,33740,periode14
2021-06-12 8:00,774,32899,33377,periode14
2021-06-13 8:00,773,32804,33014,periode14
2021-06-14 8:00,771,32701,32618,periode14
2021-06-15 8:00,770,32606,32255,periode14
2021-06-16 8:00,769,32503,31867,periode14
2021-06-17 8:00,768,32417,31545,periode14
2021-06-18 8:00,767,32332,31223,periode14
2021-06-19 8:00,766,32246,30902,periode14
2021-06-20 8:00,766,32195,30709,periode14
2021-06-21 8:00,765,32135,30484,periode14
2021-06-22 8:00,764,32066,30226,periode14
2021-06-23 8:00,763,31972,29873,periode14
2021-06-24 8:00,762,31861,29455,periode14
2021-06-25 8:00,760,31741,29004,periode14
2021-06-26 8:00,759,31645,28658,periode14
2021-06-27 8:00,758,31574,28408,periode14
2021-06-28 8:00,758,31521,28220,periode14
2021-06-29 8:00,757,31468,28033,periode14
2021-06-30 8:00,756,31380,27720,periode14
2021-07-01 8:00,755,31256,27282,periode14
2021-07-02 8:00,753,31124,26812,periode14
2021-07-03 8:00,752,31000,26374,periode14
2021-07-04 8:00,750,30876,25936,periode14
2021-07-05 8:00,749,30757,25568,periode14
2021-07-06 8:00,748,30622,25173,periode14
2021-07-07 8:00,747,30486,24779,periode14
2021-07-08 8:00,745,30361,24414,periode14
2021-07-09 8:00,744,30246,24080,periode14
2021-07-10 8:00,743,30142,23777,periode14
2021-07-11 8:00,742,30027,23443,periode14
2021-07-12 8:00,741,29891,23048,periode14
2021-07-13 8:00,740,29729,22629,periode14
2021-07-14 8:00,738,29539,22221,periode14
2021-07-15 8:00,737,29362,21842,periode14
2021-07-16 8:00,736,29199,21492,periode14
2021-07-17 8:00,734,29009,21084,periode14
2021-07-18 8:00,733,28806,20647,periode14
2021-07-19 8:00,731,28616,20239,periode14
2021-07-20 8:00,730,28466,19918,periode14
2021-07-21 8:00,729,28370,19693,periode14
2021-07-22 8:00,728,28268,19442,periode14
2021-07-23 8:00,728,28153,19164,periode14
2021-07-24 8:00,726,28005,18801,periode14
2021-07-25 8:00,725,27833,18383,periode14
2021-07-26 8:00,723,27650,17938,periode14
2021-07-27 8:00,722,27490,17548,periode14
2021-07-28 8:00,720,27342,17185,periode14
2021-07-29 8:00,719,27179,16807,periode14
2021-07-30 8:00,717,26993,16380,periode14
2021-07-31 8:00,716,26806,15952,periode14
2021-08-01 8:00,714,26620,15525,periode14
2021-08-02 8:00,713,26433,15097,periode14
2021-08-03 8:00,711,26235,14643,periode14
2021-08-04 8:00,709,26032,14199,periode14
2021-08-05 8:00,708,25824,13764,periode14
2021-08-06 8:00,706,25627,13356,periode14
2021-08-07 8:00,704,25407,12896,periode14
2021-08-08 8:00,702,25186,12436,periode14
2021-08-09 8:00,700,24965,11977,periode14
2021-08-10 8:00,699,24722,11584,periode14
2021-08-11 8:00,698,24557,11343,periode14
2021-08-12 8:00,697,24442,11175,periode14
2021-08-13 8:00,696,24310,10982,periode14
2021-08-14 8:00,695,24112,10693,periode14
2021-08-15 8:00,694,23880,10356,periode14
2021-08-16 8:00,692,23649,10019,periode14
2021-08-17 8:00,691,23418,9682,periode14
2021-08-18 8:00,690,23179,9328,periode14
2021-08-19 8:00,688,22927,8945,periode14
2021-08-20 8:00,686,22720,8630,periode14
2021-08-21 8:00,685,22572,8405,periode14
2021-08-22 8:00,685,22454,8224,periode14
2021-08-23 8:00,684,22350,8067,periode14
2021-08-24 8:00,683,22217,7864,periode14
2021-08-25 8:00,682,22054,7616,periode14
2021-08-26 8:00,680,21847,7301,periode14
2021-08-27 8:00,679,21632,7042,periode14
2021-08-28 8:00,678,21450,6854,periode14
2021-08-29 8:00,677,21249,6646,periode14
2021-08-30 8:00,676,21007,6396,periode14
2021-08-31 8:00,675,20745,6125,periode14
2021-09-01 8:00,674,20483,5854,periode14
2021-09-02 8:00,673,20342,5708,periode14
2021-09-03 8:00,672,20221,5583,periode14
2021-09-04 8:00,672,20080,5437,periode14
2021-09-05 8:00,671,19938,5291,periode14
2021-09-06 8:00,670,19838,5186,periode14
2021-09-07 8:00,670,19713,5066,periode14
2021-09-08 8:00,669,19537,4917,periode14
2021-09-09 8:00,668,19229,4656,periode14
2021-09-10 8:00,666,18921,4395,periode14
2021-09-11 8:00,666,18811,4302,periode14
2021-09-12 8:00,666,18767,4265,periode14
2021-09-13 8:00,666,18943,4414,periode14
2021-09-14 8:00,667,19031,4489,periode14
2021-09-15 8:00,667,19031,4489,periode14
2021-09-16 8:00,666,18987,4451,periode14
2021-09-17 8:00,666,18943,4414,periode14
2021-09-18 8:00,666,18833,4321,periode14
2021-09-19 8:00,665,18723,4228,periode14
2021-09-20 8:00,665,18590,4116,periode14
2021-09-21 8:00,664,18414,3967,periode14
2021-09-22 8:00,663,18260,3837,periode14
2021-09-23 8:00,662,18040,3651,periode14
2021-09-24 8:00,662,17886,3520,periode14
2021-09-25 8:00,660,17644,3315,periode14
2021-09-26 8:00,660,17666,3334,periode14
2021-09-27 8:00,659,17313,3128,periode14
2021-09-28 8:00,659,17139,3048,periode14
2021-09-29 8:00,658,16757,2871,periode14
2021-09-30 8:00,657,16549,2775,periode14
2021-10-01 8:00,657,16479,2743,periode14
2021-10-02 8:00,655,15958,2501,periode14
2021-10-03 8:00,656,16028,2533,periode14
2021-10-04 8:00,655,15854,2453,periode14
2021-10-05 8:00,655,15750,2405,periode14
2021-10-06 8:00,655,15715,2389,periode14
2021-10-07 8:00,654,15611,2341,periode14
2021-10-08 8:00,655,15715,2389,periode14
2021-10-09 8:00,656,16097,2566,periode14
2021-10-10 8:00,660,17417,3177,periode14
2021-10-11 8:00,664,18436,3986,periode14
2021-10-12 8:00,666,18899,4377,periode14
2021-10-13 8:00,667,19141,4582,periode14
2021-10-14 8:00,668,19251,4675,periode14
2021-10-15 8:00,668,19295,4712,periode14
2021-10-16 8:00,668,19339,4749,periode14
2021-10-17 8:00,668,19361,4768,periode14
2021-10-18 8:00,668,19361,4768,periode14
2021-10-19 8:00,668,19361,4768,periode14
2021-10-20 8:00,668,19361,4768,periode14
2021-10-21 8:00,668,19361,4768,periode14
2021-10-22 8:00,668,19383,4786,periode14
2021-10-23 8:00,668,19361,4768,periode14
2021-10-24 8:00,677,21148,6542,periode14
2021-10-25 8:00,694,23996,10525,periode14
2021-10-26 8:00,694,23996,10525,periode14
2021-10-27 8:00,739,29675,22513,periode14
2021-10-28 8:00,777,33219,34599,periode14
2021-10-29 8:00,778,33288,34863,periode14
2021-10-30 8:00,778,33288,34863,periode14
2021-10-31 8:00,778,33296,34896,periode14
2021-11-01 8:00,779,33339,35061,periode14
2021-11-02 8:00,779,33339,35061,periode14
2021-11-03 8:00,779,33357,35127,periode14
2021-11-04 8:00,779,33322,34995,periode14
2021-11-05 8:00,778,33296,34896,periode14
2021-11-06 8:00,778,33288,34863,periode14
2021-11-07 8:00,778,33279,34830,periode14
2021-11-08 8:00,778,33262,34764,periode14
2021-11-09 8:00,778,33227,34632,periode14
2021-11-10 8:00,927,45990,93649,periode14
2021-11-11 8:00,899,43606,81109,periode14
2021-11-12 8:00,880,41788,72997,periode14
2021-11-13 8:00,862,40215,65627,periode14
2021-11-14 8:00,860,40049,64818,periode14
2021-11-15 8:00,860,40049,64818,periode14
2021-11-16 8:00,859,39961,64422,periode14
2021-11-17 8:00,859,39961,64422,periode14
2021-11-18 8:00,859,39961,64422,periode14
2021-11-19 8:00,858,39872,64026,periode14
2021-11-20 8:00,859,39961,64422,periode14
2021-11-21 8:00,859,39961,64422,periode14
2021-11-22 8:00,859,39961,64422,periode14
2021-11-23 8:00,859,39961,64422,periode14
2021-11-24 8:00,859,39961,64422,periode14
2021-11-25 8:00,859,39961,64422,periode14
2021-11-26 8:00,858,39872,64026,periode14
2021-11-27 8:00,858,39872,64026,periode14
2021-11-28 8:00,858,39872,64026,periode14
2021-11-29 8:00,858,39872,64026,periode14
2021-11-30 8:00,857,39784,63630,periode14
2021-12-01 8:00,858,39872,64026,periode14
2021-12-02 8:00,859,39961,64422,periode14
2021-12-03 8:00,858,39872,64026,periode14
2021-12-04 8:00,861,40132,65223,periode14
2021-12-05 8:00,864,40382,66437,periode14
2021-12-06 8:00,870,40881,68865,periode14
2021-12-07 8:00,886,42345,75531,periode14
2021-12-08 8:00,871,40972,69278,periode14
2021-12-09 8:00,866,40548,67246,periode14
2021-12-10 8:00,871,40972,69278,periode14
2021-12-11 8:00,931,46413,95491,periode14
2021-12-12 8:00,898,43507,80677,periode14
2021-12-13 8:00,880,41788,72997,periode14
2021-12-14 8:00,862,40215,65627,periode14
2021-12-15 8:00,861,40132,65223,periode14
2021-12-16 8:00,862,40215,65627,periode14
2021-12-17 8:00,864,40382,66437,periode14
2021-12-18 8:00,865,40465,66842,periode14
2021-12-19 8:00,866,40548,67246,periode14
2021-12-20 8:00,867,40631,67651,periode14
2021-12-21 8:00,868,40715,68056,periode14
2021-12-22 8:00,869,40798,68460,periode14
2021-12-23 8:00,869,40798,68460,periode14
2021-12-24 8:00,870,40881,68865,periode14
2021-12-25 8:00,871,40972,69278,periode14
2021-12-26 8:00,871,40972,69278,periode14
2021-12-27 8:00,871,40972,69278,periode14
2021-12-28 8:00,872,41062,69691,periode14
2021-12-29 8:00,872,41062,69691,periode14
2021-12-30 8:00,872,41062,69691,periode14
2021-12-31 8:00,872,41062,69691,periode14
2022-01-01 8:00,872,41062,69691,periode14
2022-01-02 8:00,873,41153,70105,periode14
2022-01-03 8:00,873,41153,70105,periode14
2022-01-04 8:00,874,41244,70518,periode14
2022-01-05 8:00,874,41244,70518,periode14
2022-01-06 8:00,874,41244,70518,periode14
2022-01-07 8:00,874,41253,70559,periode14
2022-01-08 8:00,876,41398,71220,periode14
2022-01-09 8:00,878,41570,72005,periode14
2022-01-10 8:00,879,41715,72666,periode14
2022-01-11 8:00,880,41797,73039,periode14
2022-01-12 8:00,881,41844,73250,periode14
2022-01-13 8:00,882,41965,73800,periode14
2022-01-14 8:00,883,42076,74306,periode14
2022-01-15 8:00,884,42169,74729,periode14
2022-01-16 8:00,884,42187,74813,periode14
2022-01-17 8:00,884,42178,74771,periode14
2022-01-18 8:00,884,42160,74687,periode14
2022-01-19 8:00,884,42197,74856,periode14
2022-01-20 8:00,885,42225,74982,periode14
2022-01-21 8:00,885,42252,75109,periode14
2022-01-22 8:00,885,42252,75109,periode14
2022-01-23 8:00,885,42243,75067,periode14
2022-01-24 8:00,885,42262,75151,periode14
2022-01-25 8:00,886,42299,75320,periode14
2022-01-26 8:00,886,42345,75531,periode14
2022-01-27 8:00,886,42373,75658,periode14
2022-01-28 8:00,886,42373,75658,periode14
2022-01-29 8:00,886,42364,75616,periode14
2022-01-30 8:00,886,42383,75700,periode14
2022-01-31 8:00,886,42392,75743,periode14
2022-02-01 8:00,886,42392,75743,periode14
2022-02-02 8:00,886,42355,75574,periode14
2022-02-03 8:00,886,42308,75362,periode14
2022-02-04 8:00,885,42290,75278,periode14
2022-02-05 8:00,885,42280,75236,periode14
2022-02-06 8:00,885,42271,75193,periode14
2022-02-07 8:00,885,42234,75025,periode14
2022-02-08 8:00,884,42197,74856,periode14
2022-02-09 8:00,884,42169,74729,periode14
2022-02-10 8:00,884,42160,74687,periode14
2022-02-11 8:00,884,42150,74644,periode14
2022-02-12 8:00,884,42132,74560,periode14
2022-02-13 8:00,884,42113,74475,periode14
2022-02-14 8:00,883,42095,74391,periode14
2022-02-15 8:00,883,42095,74391,periode14
2022-02-16 8:00,883,42104,74433,periode14
2022-02-17 8:00,884,42132,74560,periode14
2022-02-18 8:00,884,42169,74729,periode14
2022-02-19 8:00,884,42178,74771,periode14
2022-02-20 8:00,884,42169,74729,periode14
2022-02-21 8:00,884,42141,74602,periode14
2022-02-22 8:00,883,42104,74433,periode14
2022-02-23 8:00,883,42057,74222,periode14
2022-02-24 8:00,883,42030,74095,periode14
2022-02-25 8:00,882,42002,73969,periode14
2022-02-26 8:00,882,41983,73884,periode14
2022-02-27 8:00,882,41937,73673,periode14
2022-02-28 8:00,881,41890,73462,periode14
2022-03-01 8:00,881,41881,73419,periode14
2022-03-02 8:00,881,41881,73419,periode14
2022-03-03 8:00,881,41881,73419,periode14
2022-03-04 8:00,881,41881,73419,periode14
2022-03-05 8:00,881,41853,73293,periode14
2022-03-06 8:00,880,41816,73124,periode14
2022-03-07 8:00,880,41779,72956,periode14
2022-03-08 8:00,879,41734,72749,periode14
2022-03-09 8:00,879,41679,72501,periode14
2022-03-10 8:00,878,41652,72377,periode14
2022-03-11 8:00,879,41661,72419,periode14
2022-03-12 8:00,879,41706,72625,periode14
2022-03-13 8:00,879,41725,72708,periode14
2022-03-14 8:00,879,41734,72749,periode14
2022-03-15 8:00,880,41743,72790,periode14
2022-03-16 8:00,880,41761,72873,periode14
2022-03-17 8:00,880,41779,72956,periode14
2022-03-18 8:00,880,41761,72873,periode14
2022-03-19 8:00,879,41734,72749,periode14
2022-03-20 8:00,879,41725,72708,periode14
2022-03-21 8:00,880,41752,72832,periode14
2022-03-22 8:00,880,41779,72956,periode14
2022-03-23 8:00,880,41816,73124,periode14
2022-03-24 8:00,880,41816,73124,periode14
2022-03-25 8:00,880,41807,73081,periode14
2022-03-26 8:00,880,41788,72997,periode14
2022-03-27 8:00,880,41770,72914,periode14
2022-03-28 8:00,880,41752,72832,periode14
2022-03-29 8:00,880,41770,72914,periode14
2022-03-30 8:00,880,41807,73081,periode14
2022-03-31 8:00,881,41853,73293,periode14
2022-04-01 8:00,881,41853,73293,periode14
2022-04-02 8:00,880,41825,73166,periode14
2022-04-03 8:00,880,41788,72997,periode14
2022-04-04 8:00,880,41779,72956,periode14
2022-04-05 8:00,880,41761,72873,periode14
2022-04-06 8:00,879,41734,72749,periode14
2022-04-07 8:00,879,41688,72542,periode14
2022-04-08 8:00,878,41643,72336,periode14
2022-04-09 8:00,878,41579,72047,periode14
2022-04-10 8:00,877,41516,71757,periode14
2022-04-11 8:00,876,41452,71468,periode14
2022-04-12 8:00,876,41389,71179,periode14
2022-04-13 8:00,875,41353,71014,periode14
2022-04-14 8:00,875,41316,70848,periode14
2022-04-15 8:00,874,41289,70724,periode14
2022-04-16 8:00,874,41244,70518,periode14
2022-04-17 8:00,874,41198,70311,periode14
2022-04-18 8:00,873,41135,70022,periode14
2022-04-19 8:00,872,41099,69857,periode14
2022-04-20 8:00,872,41071,69733,periode14
2022-04-21 8:00,872,41035,69567,periode14
2022-04-22 8:00,871,40990,69361,periode14
2022-04-23 8:00,870,40917,69030,periode14
2022-04-24 8:00,870,40864,68784,periode14
2022-04-25 8:00,869,40823,68582,periode14
2022-04-26 8:00,869,40781,68379,periode14
2022-04-27 8:00,868,40740,68177,periode14
2022-04-28 8:00,868,40698,67975,periode14
2022-04-29 8:00,867,40656,67772,periode14
2022-04-30 8:00,867,40623,67610,periode14
2022-05-01 8:00,866,40590,67449,periode14
2022-05-02 8:00,866,40557,67287,periode14
2022-05-03 8:00,866,40507,67044,periode14
2022-05-04 8:00,865,40457,66801,periode14
2022-05-05 8:00,864,40398,66518,periode14
2022-05-06 8:00,864,40349,66275,periode14
2022-05-07 8:00,863,40307,66073,periode14
2022-05-08 8:00,863,40299,66032,periode14
2022-05-09 8:00,863,40332,66194,periode14
2022-05-10 8:00,864,40398,66518,periode14
2022-05-11 8:00,865,40448,66761,periode14
2022-05-12 8:00,865,40473,66882,periode14
2022-05-13 8:00,865,40473,66882,periode14
2022-05-14 8:00,865,40448,66761,periode14
2022-05-15 8:00,864,40407,66558,periode14
2022-05-16 8:00,864,40357,66315,periode14
2022-05-17 8:00,863,40299,66032,periode14
2022-05-18 8:00,862,40232,65708,periode14
2022-05-19 8:00,862,40174,65425,periode14
2022-05-20 8:00,861,40107,65101,periode14
2022-05-21 8:00,860,40049,64818,periode14
2022-05-22 8:00,859,39996,64580,periode14
2022-05-23 8:00,859,39952,64382,periode14
2022-05-24 8:00,858,39881,64065,periode14
2022-05-25 8:00,857,39802,63709,periode14
2022-05-26 8:00,856,39722,63352,periode14
2022-05-27 8:00,856,39660,63075,periode14
2022-05-28 8:00,855,39616,62877,periode14
2022-05-29 8:00,855,39590,62758,periode14
2022-05-30 8:00,854,39546,62560,periode14
2022-05-31 8:00,854,39493,62323,periode14
2022-06-01 8:00,853,39440,62085,periode14
2022-06-02 8:00,852,39378,61808,periode14
2022-06-03 8:00,852,39307,61491,periode14
2022-06-04 8:00,851,39237,61174,periode14
2022-06-05 8:00,850,39149,60780,periode14
2022-06-06 8:00,849,39048,60315,periode14
2022-06-07 8:00,847,38946,59850,periode14
2022-06-08 8:00,846,38819,59269,periode14
2022-06-09 8:00,844,38684,58649,periode14
2022-06-10 8:00,843,38540,57990,periode14
2022-06-11 8:00,841,38405,57370,periode14
2022-06-12 8:00,840,38295,56869,periode14
2022-06-13 8:00,839,38204,56452,periode14
2022-06-14 8:00,838,38137,56149,periode14
2022-06-15 8:00,837,38062,55808,periode14
2022-06-16 8:00,836,37996,55505,periode14
2022-06-17 8:00,835,37921,55164,periode14
2022-06-18 8:00,834,37854,54861,periode14
2022-06-19 8:00,834,37779,54520,periode14
2022-06-20 8:00,832,37696,54140,periode14
2022-06-21 8:00,831,37604,53724,periode14
2022-06-22 8:00,830,37505,53269,periode14
2022-06-23 8:00,829,37406,52822,periode14
2022-06-24 8:00,828,37292,52303,periode14
2022-06-25 8:00,826,37178,51784,periode14
2022-06-26 8:00,825,37055,51228,periode14
2022-06-27 8:00,823,36924,50634,periode14
2022-06-28 8:00,822,36802,50078,periode14
2022-06-29 8:00,820,36679,49522,periode14
2022-06-30 8:00,819,36573,49050,periode14
2022-07-01 8:00,818,36476,48615,periode14
2022-07-02 8:00,817,36394,48252,periode14
2022-07-03 8:00,816,36305,47853,periode14
2022-07-04 8:00,814,36207,47418,periode14
2022-07-05 8:00,813,36101,46946,periode14
2022-07-06 8:00,812,35979,46402,periode14
2022-07-07 8:00,810,35842,45787,periode14
2022-07-08 8:00,808,35688,45078,periode14
2022-07-09 8:00,806,35534,44368,periode14
2022-07-10 8:00,804,35410,43801,periode14
2022-07-11 8:00,803,35318,43375,periode14
2022-07-12 8:00,802,35233,42985,periode14
2022-07-13 8:00,801,35133,42524,periode14
2022-07-14 8:00,799,35022,42034,periode14
2022-07-15 8:00,798,34909,41548,periode14
2022-07-16 8:00,796,34804,41097,periode14
2022-07-17 8:00,795,34698,40646,periode14
2022-07-18 8:00,794,34593,40196,periode14
2022-07-19 8:00,792,34471,39675,periode14
2022-07-20 8:00,791,34350,39155,periode14
2022-07-21 8:00,789,34227,38640,periode14
2022-07-22 8:00,788,34110,38166,periode14
2022-07-23 8:00,787,34002,37726,periode14
2022-07-24 8:00,786,33902,37319,periode14
2022-07-25 8:00,784,33810,36947,periode14
2022-07-26 8:00,783,33727,36608,periode14
2022-07-27 8:00,782,33626,36202,periode14
2022-07-28 8:00,781,33510,35728,periode14
2022-07-29 8:00,779,33357,35127,periode14
2022-07-30 8:00,777,33167,34401,periode14
2022-07-31 8:00,775,32977,33674,periode14
2022-08-01 8:00,773,32804,33014,periode14
2022-08-02 8:00,771,32649,32420,periode14
2022-08-03 8:00,769,32503,31867,periode14
2022-08-04 8:00,767,32332,31223,periode14
2022-08-05 8:00,765,32178,30644,periode14
2022-08-06 8:00,764,32049,30162,periode14
2022-08-07 8:00,763,31964,29840,periode14
2022-08-08 8:00,762,31870,29487,periode14
2022-08-09 8:00,760,31767,29101,periode14
2022-08-10 8:00,759,31653,28690,periode14
2022-08-11 8:00,758,31556,28345,periode14
2022-08-12 8:00,757,31486,28095,periode14
2022-08-13 8:00,756,31415,27845,periode14
2022-08-14 8:00,756,31344,27595,periode14
2022-08-15 8:00,755,31291,27407,periode14
2022-08-16 8:00,754,31212,27125,periode14
2022-08-17 8:00,753,31124,26812,periode14
2022-08-18 8:00,752,31000,26374,periode14
2022-08-19 8:00,750,30885,25967,periode14
2022-08-20 8:00,749,30757,25568,periode14
2022-08-21 8:00,748,30664,25295,periode14
2022-08-22 8:00,748,30590,25082,periode14
2022-08-23 8:00,747,30538,24931,periode14
2022-08-24 8:00,747,30486,24779,periode14
2022-08-25 8:00,746,30423,24597,periode14
2022-08-26 8:00,745,30340,24354,periode14
2022-08-27 8:00,744,30246,24080,periode14
2022-08-28 8:00,743,30131,23747,periode14
2022-08-29 8:00,742,30027,23443,periode14
2022-08-30 8:00,741,29933,23170,periode14
2022-08-31 8:00,740,29839,22896,periode14
2022-09-01 8:00,740,29729,22629,periode14
2022-09-02 8:00,738,29593,22338,periode14
2022-09-03 8:00,737,29417,21959,periode14
2022-09-04 8:00,736,29322,21755,periode14
2022-09-05 8:00,736,29240,21580,periode14
2022-09-06 8:00,736,29186,21463,periode14
2022-09-07 8:00,734,29037,21143,periode14
2022-09-08 8:00,733,28846,20734,periode14
2022-09-09 8:00,732,28670,20356,periode14
2022-09-10 8:00,731,28602,20210,periode14
2022-09-11 8:00,731,28534,20064,periode14
2022-09-12 8:00,730,28428,19832,periode14
2022-09-13 8:00,728,28245,19386,periode14
2022-09-14 8:00,726,28016,18829,periode14
2022-09-15 8:00,725,27822,18356,periode14
2022-09-16 8:00,724,27753,18188,periode14
2022-09-17 8:00,724,27787,18272,periode14
2022-09-18 8:00,724,27787,18272,periode14
2022-09-19 8:00,723,27685,18021,periode14
2022-09-20 8:00,722,27559,17715,periode14
2022-09-21 8:00,723,27605,17826,periode14
2022-09-22 8:00,723,27685,18021,periode14
2022-09-23 8:00,724,27787,18272,periode14
2022-09-24 8:00,724,27742,18161,periode14
2022-09-25 8:00,723,27639,17910,periode14
2022-09-26 8:00,722,27502,17575,periode14
2022-09-27 8:00,720,27353,17213,periode14
2022-09-28 8:00,719,27214,16887,periode14
2022-09-29 8:00,718,27121,16673,periode14
2022-09-30 8:00,718,27039,16486,periode14
2022-10-01 8:00,716,26888,16139,periode14
2022-10-02 8:00,716,26795,15925,periode14
2022-10-03 8:00,716,26783,15899,periode14
2022-10-04 8:00,716,26795,15925,periode14
2022-10-05 8:00,715,26666,15632,periode14
2022-10-06 8:00,713,26491,15231,periode14
2022-10-07 8:00,712,26328,14857,periode14
2022-10-08 8:00,711,26258,14697,periode14
2022-10-09 8:00,711,26258,14697,periode14
2022-10-10 8:00,712,26352,14910,periode14
2022-10-11 8:00,713,26456,15151,periode14
2022-10-12 8:00,713,26503,15258,periode14
2022-10-13 8:00,713,26503,15258,periode14
2022-10-14 8:00,713,26515,15284,periode14
2022-10-15 8:00,713,26515,15284,periode14
2022-10-16 8:00,713,26480,15204,periode14
2022-10-17 8:00,713,26433,15097,periode14
2022-10-18 8:00,712,26375,14964,periode14
2022-10-19 8:00,711,26247,14670,periode14
2022-10-20 8:00,709,26056,14250,periode14
2022-10-21 8:00,708,25824,13764,periode14
2022-10-22 8:00,706,25591,13279,periode14
2022-10-23 8:00,705,25468,13024,periode14
2022-10-24 8:00,704,25431,12947,periode14
2022-10-25 8:00,704,25443,12973,periode14
2022-10-26 8:00,704,25443,12973,periode14
2022-10-27 8:00,704,25443,12973,periode14
2022-10-28 8:00,704,25443,12973,periode14
2022-10-29 8:00,704,25443,12973,periode14
2022-10-30 8:00,704,25443,12973,periode14
2022-10-31 8:00,704,25443,12973,periode14
2022-11-01 8:00,704,25443,12973,periode14
2022-11-02 8:00,704,25443,12973,periode14
2022-11-03 8:00,704,25443,12973,periode14
2022-11-04 8:00,704,25443,12973,periode14
2022-11-05 8:00,704,25443,12973,periode14
2022-11-06 8:00,704,25443,12973,periode14
2022-11-07 8:00,704,25443,12973,periode14
2022-11-08 8:00,704,25443,12973,periode14
2022-11-09 8:00,704,25443,12973,periode14
2022-11-10 8:00,704,25443,12973,periode14
2022-11-11 8:00,704,25443,12973,periode14
2022-11-12 8:00,704,25443,12973,periode14
2022-11-13 8:00,704,25443,12973,periode14
2022-11-14 8:00,704,25443,12973,periode14
2022-11-15 8:00,704,25443,12973,periode14
2022-11-16 8:00,704,25443,12973,periode14
2022-11-17 8:00,704,25443,12973,periode14
2022-11-18 8:00,704,25443,12973,periode14
2022-11-19 8:00,704,25443,12973,periode14
2022-11-20 8:00,704,25443,12973,periode14
2022-11-21 8:00,704,25443,12973,periode14
2022-11-22 8:00,704,25443,12973,periode14
2022-11-23 8:00,704,25443,12973,periode14
2022-11-24 8:00,704,25443,12973,periode14
2022-11-25 8:00,704,25443,12973,periode14
2022-11-26 8:00,704,25443,12973,periode14
2022-11-27 8:00,704,25443,12973,periode14
2022-11-28 8:00,704,25443,12973,periode14
2022-11-29 8:00,704,25443,12973,periode14
2022-11-30 8:00,704,25443,12973,periode14
2022-12-01 8:00,704,25443,12973,periode14
2022-12-02 8:00,704,25443,12973,periode14
2022-12-03 8:00,704,25443,12973,periode14
2022-12-04 8:00,704,25443,12973,periode14
2022-12-05 8:00,704,25443,12973,periode14
2022-12-06 8:00,704,25443,12973,periode14
2022-12-07 8:00,704,25443,12973,periode14
2022-12-08 8:00,704,25443,12973,periode14
2022-12-09 8:00,704,25443,12973,periode14
2022-12-10 8:00,704,25443,12973,periode14
2022-12-11 8:00,704,25443,12973,periode14
2022-12-12 8:00,704,25443,12973,periode14
2022-12-13 8:00,704,25443,12973,periode14
2022-12-14 8:00,704,25443,12973,periode14
2022-12-15 8:00,704,25443,12973,periode14
2022-12-16 8:00,704,25443,12973,periode14
2022-12-17 8:00,704,25443,12973,periode14
2022-12-18 8:00,704,25443,12973,periode14
2022-12-19 8:00,704,25443,12973,periode14
2022-12-20 8:00,704,25443,12973,periode14
2022-12-21 8:00,704,25443,12973,periode14
2022-12-22 8:00,704,25443,12973,periode14
2022-12-23 8:00,704,25443,12973,periode14
2022-12-24 8:00,704,25443,12973,periode14
2022-12-25 8:00,704,25443,12973,periode14
2022-12-26 8:00,704,25443,12973,periode14
2022-12-27 8:00,704,25443,12973,periode14
2022-12-28 8:00,704,25443,12973,periode14
2022-12-29 8:00,704,25443,12973,periode14
2022-12-30 8:00,704,25443,12973,periode14
2022-12-31 8:00,704,25443,12973,periode14
2023-01-01 8:00,704,25443,12973,periode14
2023-01-02 8:00,704,25443,12973,periode14
2023-01-03 8:00,704,25443,12973,periode14
2023-01-04 8:00,704,25443,12973,periode14
2023-01-05 8:00,704,25443,12973,periode14
2023-01-06 8:00,704,25443,12973,periode14
2023-01-07 8:00,704,25443,12973,periode14
2023-01-08 8:00,704,25443,12973,periode14
2023-01-09 8:00,704,25443,12973,periode14
2023-01-10 8:00,704,25443,12973,periode14
2023-01-11 8:00,704,25443,12973,periode14
2023-01-12 8:00,704,25443,12973,periode14
2023-01-13 8:00,704,25443,12973,periode14
2023-01-14 8:00,704,25443,12973,periode14
2023-01-15 8:00,704,25443,12973,periode14
2023-01-16 8:00,704,25443,12973,periode14
2023-01-17 8:00,704,25443,12973,periode14
2023-01-18 8:00,704,25443,12973,periode14
2023-01-19 8:00,704,25443,12973,periode14
2023-01-20 8:00,704,25443,12973,periode14
2023-01-21 8:00,704,25443,12973,periode14
2023-01-22 8:00,704,25443,12973,periode14
2023-01-23 8:00,704,25443,12973,periode14
2023-01-24 8:00,704,25443,12973,periode14
2023-01-25 8:00,704,25443,12973,periode14
2023-01-26 8:00,704,25443,12973,periode14
2023-01-27 8:00,704,25443,12973,periode14
2023-01-28 8:00,704,25443,12973,periode14
2023-01-29 8:00,704,25443,12973,periode14
2023-01-30 8:00,704,25443,12973,periode14
2023-01-31 8:00,704,25443,12973,periode14
2023-02-01 8:00,704,25443,12973,periode14
2023-02-02 8:00,704,25443,12973,periode14
2023-02-03 8:00,704,25443,12973,periode14
2023-02-04 8:00,704,25443,12973,periode14
2023-02-05 8:00,704,25443,12973,periode14
2023-02-06 8:00,704,25443,12973,periode14
2023-02-07 8:00,704,25443,12973,periode14
2023-02-08 8:00,704,25443,12973,periode14
2023-02-09 8:00,704,25443,12973,periode14
2023-02-10 8:00,704,25443,12973,periode14
2023-02-11 8:00,704,25443,12973,periode14
2023-02-12 8:00,704,25443,12973,periode14
2023-02-13 8:00,704,25443,12973,periode14
2023-02-14 8:00,704,25443,12973,periode14
2023-02-15 8:00,704,25443,12973,periode14
2023-02-16 8:00,704,25443,12973,periode14
2023-02-17 8:00,704,25443,12973,periode14
2023-02-18 8:00,704,25443,12973,periode14
2023-02-19 8:00,704,25443,12973,periode14
2023-02-20 8:00,704,25443,12973,periode14
2023-02-21 8:00,704,25443,12973,periode14
2023-02-22 8:00,704,25443,12973,periode14
2023-02-23 8:00,704,25443,12973,periode14
2023-02-24 8:00,704,25443,12973,periode14
2023-02-25 8:00,704,25443,12973,periode14
2023-02-26 8:00,704,25443,12973,periode14
2023-02-27 8:00,704,25443,12973,periode14
2023-02-28 8:00,704,25443,12973,periode14
2023-03-01 8:00,704,25443,12973,periode14
2023-03-02 8:00,704,25443,12973,periode14
2023-03-03 8:00,704,25443,12973,periode14
2023-03-04 8:00,704,25443,12973,periode14
2023-03-05 8:00,704,25443,12973,periode14
2023-03-06 8:00,704,25443,12973,periode14
2023-03-07 8:00,704,25443,12973,periode14
2023-03-08 8:00,704,25443,12973,periode14
2023-03-09 8:00,704,25443,12973,periode14
2023-03-10 8:00,704,25443,12973,periode14
2023-03-11 8:00,704,25443,12973,periode14
2023-03-12 8:00,704,25443,12973,periode14
2023-03-13 8:00,704,25443,12973,periode14
2023-03-14 8:00,704,25443,12973,periode14
2023-03-15 8:00,704,25443,12973,periode14
2023-03-16 8:00,704,25443,12973,periode14
2023-03-17 8:00,704,25443,12973,periode14
2023-03-18 8:00,704,25443,12973,periode14
2023-03-19 8:00,704,25443,12973,periode14
2023-03-20 8:00,704,25443,12973,periode14
2023-03-21 8:00,704,25443,12973,periode14
2023-03-22 8:00,704,25443,12973,periode14
2023-03-23 8:00,704,25443,12973,periode14
2023-03-24 8:00,704,25443,12973,periode14
2023-03-25 8:00,704,25443,12973,periode14
2023-03-26 8:00,704,25443,12973,periode14
2023-03-27 8:00,704,25443,12973,periode14
2023-03-28 8:00,704,25443,12973,periode14
2023-03-29 8:00,704,25443,12973,periode14
2023-03-30 8:00,704,25443,12973,periode14
2023-03-31 8:00,704,25443,12973,periode14
2023-04-01 8:00,704,25443,12973,periode14
2023-04-02 8:00,704,25443,12973,periode14
2023-04-03 8:00,704,25443,12973,periode14
2023-04-04 8:00,704,25443,12973,periode14
2023-04-05 8:00,704,25443,12973,periode14
2023-04-06 8:00,704,25443,12973,periode14
2023-04-07 8:00,704,25443,12973,periode14
2023-04-08 8:00,704,25443,12973,periode14
2023-04-09 8:00,704,25443,12973,periode14
2023-04-10 8:00,704,25443,12973,periode14
2023-04-11 8:00,704,25443,12973,periode14
2023-04-12 8:00,704,25443,12973,periode14
2023-04-13 8:00,704,25443,12973,periode14
2023-04-14 8:00,704,25443,12973,periode14
2023-04-15 8:00,704,25443,12973,periode14
2023-04-16 8:00,704,25443,12973,periode14
2023-04-17 8:00,704,25443,12973,periode14
2023-04-18 8:00,704,25443,12973,periode14
2023-04-19 8:00,704,25443,12973,periode14
2023-04-20 8:00,704,25443,12973,periode14
2023-04-21 8:00,704,25443,12973,periode14
2023-04-22 8:00,704,25443,12973,periode14
2023-04-23 8:00,704,25443,12973,periode14
2023-04-24 8:00,704,25443,12973,periode14
2023-04-25 8:00,704,25443,12973,periode14
2023-04-26 8:00,704,25443,12973,periode14
2023-04-27 8:00,704,25443,12973,periode14
2023-04-28 8:00,704,25443,12973,periode14
2023-04-29 8:00,704,25443,12973,periode14
2023-04-30 8:00,704,25443,12973,periode14
2023-05-01 8:00,704,25443,12973,periode14
2023-05-02 8:00,704,25443,12973,periode14
2023-05-03 8:00,704,25443,12973,periode14
2023-05-04 8:00,704,25443,12973,periode14
2023-05-05 8:00,704,25443,12973,periode14
2023-05-06 8:00,704,25443,12973,periode14
2023-05-07 8:00,704,25443,12973,periode14
2023-05-08 8:00,704,25443,12973,periode14
2023-05-09 8:00,704,25443,12973,periode14
2023-05-10 8:00,704,25443,12973,periode14
2023-05-11 8:00,704,25443,12973,periode14
2023-05-12 8:00,704,25443,12973,periode14
2023-05-13 8:00,704,25443,12973,periode14
2023-05-14 8:00,704,25443,12973,periode14
,,,,
,,,,
,,,,
,,,,
,,,,
,,,,
,,,,
,,,,
,,,,
,,,,
,,,,
,,,,
,,,,
,,,,
,,,,
,,,,
,,,,
,,,,
,,,,
,,,,
,,,,
,,,,
,,,,
,,,,
,,,,
,,,,
,,,,
,,,,
,,,,
,,,,
,,,,
,,,,
,,,,
,,,,
,,,,
,,,,
,,,,
,,,,
,,,,
,,,,
,,,,
,,,,
,,,,
,,,,
,,,,
,,,,
,,,,
,,,,
,,,,
,,,,
,,,,
,,,,
,,,,
,,,,
,,,,
,,,,
,,,,
,,,,
,,,,
,,,,
,,,,
,,,,
,,,,
,,,,
,,,,
,,,,
,,,,
,,,,
,,,,
,,,,
,,,,
,,,,
,,,,
,,,,
,,,,
,,,,
,,,,
,,,,
,,,,
,,,,
,,,,
,,,,
,,,,
,,,,
,,,,
,,,,
,,,,
,,,,
,,,,
,,,,
,,,,
,,,,
,,,,
,,,,
,,,,
,,,,
,,,,
,,,,
,,,,
,,,,
,,,,
,,,,
,,,,
,,,,
,,,,
,,,,
,,,,
,,,,
,,,,
,,,,
